Obchodný deň;Číslo periódy;Perióda;Objednávky na nákup (MW);Objednávky na predaj (MW);Zobchodovaný nákup (MW);Zobchodovaný predaj (MW);Rozdiel zobchodovaných  množstiev (MW);Priemerná cena obchodov (EUR/MWh);Váženy priemer cien všetkých obchodov (EUR/MWh);Minimálna cena (EUR/MWh);Maximálna cena (EUR/MWh);Posledná cena (EUR/MWh);Zobchodované množstvo (MW);Vážený priemer cien zobchodovaných jednoduchých objednávok (EUR/MWh);Zobchodované množstvo jednoduchých objednávok (MW)
1.8.2026;1;00:00 - 00:15;67,8;69,1;5,8;11,2;-5,4;188,09;196,70;169,28;204,43;196,24;17,0;196,70;17,0
1.8.2026;2;00:15 - 00:30;66,1;43,4;4,1;8,0;-3,9;173,29;170,54;160,94;184,85;179,42;12,1;170,54;12,1
1.8.2026;3;00:30 - 00:45;60,8;49,8;9,1;7,2;1,9;174,38;174,76;169,50;180,00;173,05;16,3;174,76;16,3
1.8.2026;4;00:45 - 01:00;45,9;89,0;2,3;25,3;-23,0;166,22;167,54;161,89;171,90;163,03;27,6;167,54;27,6
1.8.2026;5;01:00 - 01:15;67,0;47,1;4,3;2,6;1,7;171,50;169,35;161,32;176,59;176,58;6,9;169,35;6,9
1.8.2026;6;01:15 - 01:30;121,7;50,8;8,4;3,1;5,3;168,16;166,63;164,56;171,03;164,56;11,5;166,63;11,5
1.8.2026;7;01:30 - 01:45;41,3;54,9;0,3;13,0;-12,7;175,24;178,41;157,53;180,62;180,29;13,3;178,41;13,3
1.8.2026;8;01:45 - 02:00;43,7;50,6;2,2;11,0;-8,8;161,16;166,96;155,78;171,09;168,80;13,2;166,96;13,2
1.8.2026;9;02:00 - 02:15;49,9;407,2;2,2;31,7;-29,5;170,26;173,23;158,86;179,82;176,02;33,9;173,23;33,9
1.8.2026;10;02:15 - 02:30;70,6;120,5;3,7;39,6;-35,9;166,30;168,60;155,85;169,81;168,99;43,3;168,60;43,3
1.8.2026;11;02:30 - 02:45;80,0;35,9;4,9;14,0;-9,1;160,58;160,60;155,05;167,72;160,00;18,9;160,60;18,9
1.8.2026;12;02:45 - 03:00;95,9;194,7;12,3;25,2;-12,9;152,83;146,83;140,41;164,44;140,41;37,5;146,83;37,5
1.8.2026;13;03:00 - 03:15;74,2;87,4;4,7;23,9;-19,2;159,53;155,63;151,21;169,60;151,21;28,6;155,63;28,6
1.8.2026;14;03:15 - 03:30;87,7;116,1;4,3;32,2;-27,9;152,77;147,87;141,80;165,90;142,11;36,5;147,87;36,5
1.8.2026;15;03:30 - 03:45;123,5;77,3;14,9;18,3;-3,4;155,80;151,50;137,75;168,35;140,65;33,2;151,50;33,2
1.8.2026;16;03:45 - 04:00;126,5;286,4;18,6;16,2;2,4;151,97;147,76;136,81;165,99;138,00;34,8;147,76;34,8
1.8.2026;17;04:00 - 04:15;125,2;1670,1;12,0;22,8;-10,8;161,99;159,14;149,40;168,46;155,91;34,8;159,14;34,8
1.8.2026;18;04:15 - 04:30;130,3;108,5;10,1;41,2;-31,1;167,21;169,10;146,96;175,10;172,11;51,3;169,10;51,3
1.8.2026;19;04:30 - 04:45;151,4;758,2;8,2;45,2;-37,0;158,35;160,25;150,40;170,09;160,19;53,4;160,25;53,4
1.8.2026;20;04:45 - 05:00;134,5;1455,3;8,8;28,2;-19,4;157,60;151,95;146,91;180,30;146,91;37,0;151,95;37,0
1.8.2026;21;05:00 - 05:15;118,2;2349,4;7,9;17,4;-9,5;150,66;147,83;109,65;162,11;147,00;25,3;147,83;25,3
1.8.2026;22;05:15 - 05:30;74,3;1234,0;6,3;24,1;-17,8;156,93;158,48;150,53;163,16;159,48;30,4;158,48;30,4
1.8.2026;23;05:30 - 05:45;76,6;759,5;7,5;10,8;-3,3;150,14;146,88;132,66;160,45;140,69;18,3;146,88;18,3
1.8.2026;24;05:45 - 06:00;98,1;450,3;19,7;27,5;-7,8;152,95;153,38;147,80;157,60;154,91;47,2;153,38;47,2
1.8.2026;25;06:00 - 06:15;415,4;59,6;10,4;10,8;-0,4;154,39;153,74;150,72;158,52;155,26;21,2;153,74;21,2
1.8.2026;26;06:15 - 06:30;467,6;38,6;12,7;6,2;6,5;153,39;153,18;150,38;158,65;158,65;18,9;153,18;18,9
1.8.2026;27;06:30 - 06:45;530,6;68,5;8,9;4,2;4,7;147,31;147,67;144,29;151,00;146,85;13,1;147,67;13,1
1.8.2026;28;06:45 - 07:00;762,1;101,1;19,5;23,2;-3,7;146,04;146,53;140,73;151,35;151,30;42,7;146,53;42,7
1.8.2026;29;07:00 - 07:15;206,3;107,2;23,3;6,5;16,8;160,24;160,34;150,81;167,40;167,40;29,8;160,34;29,8
1.8.2026;30;07:15 - 07:30;107,2;92,1;8,7;3,8;4,9;154,23;152,27;145,97;157,41;157,10;12,5;152,27;12,5
1.8.2026;31;07:30 - 07:45;51,4;84,3;2,1;5,6;-3,5;154,26;154,04;152,05;155,03;154,84;7,7;154,04;7,7
1.8.2026;32;07:45 - 08:00;72,8;265,5;2,5;26,1;-23,6;157,26;164,43;134,07;171,41;170,99;28,6;164,43;28,6
1.8.2026;33;08:00 - 08:15;1144,9;78,9;51,8;18,4;33,4;166,74;164,21;151,68;175,61;172,45;70,2;164,21;70,2
1.8.2026;34;08:15 - 08:30;210,4;66,6;18,8;2,0;16,8;164,42;165,22;148,46;177,17;177,17;20,8;165,22;20,8
1.8.2026;35;08:30 - 08:45;6700,9;1725,8;11,0;0,0;11,0;165,18;165,58;156,98;166,59;166,59;11,0;165,58;11,0
1.8.2026;36;08:45 - 09:00;7384,1;11414,6;64,3;21,4;42,9;140,94;139,82;126,80;152,68;151,56;85,7;139,82;85,7
1.8.2026;37;09:00 - 09:15;198,6;479,8;6,1;7,4;-1,3;167,90;160,63;136,03;180,00;175,55;13,5;160,63;13,5
1.8.2026;38;09:15 - 09:30;659,1;517,4;429,7;26,1;403,6;165,42;165,60;131,26;175,00;172,12;455,8;165,60;455,8
1.8.2026;39;09:30 - 09:45;605,9;299,7;440,7;25,4;415,3;153,41;153,79;129,80;164,30;164,24;466,1;153,79;466,1
1.8.2026;40;09:45 - 10:00;1293,1;149,4;469,9;35,6;434,3;135,22;135,66;112,04;144,19;128,85;505,5;135,66;505,5
1.8.2026;41;10:00 - 10:15;520,4;656,7;79,0;41,6;37,4;143,09;144,07;124,43;159,14;145,95;120,6;144,07;120,6
1.8.2026;42;10:15 - 10:30;655,3;257,6;82,7;23,2;59,5;127,14;127,24;115,54;139,15;130,01;105,9;127,24;105,9
1.8.2026;43;10:30 - 10:45;1044,6;407,8;71,3;15,8;55,5;122,32;121,07;104,60;133,44;124,91;87,1;121,07;87,1
1.8.2026;44;10:45 - 11:00;639,4;645,9;94,5;58,3;36,2;110,55;105,75;80,00;128,00;80,00;152,8;105,75;152,8
1.8.2026;45;11:00 - 11:15;242,6;406,1;27,6;27,1;0,5;113,51;108,56;74,07;123,60;74,07;54,7;108,56;54,7
1.8.2026;46;11:15 - 11:30;1061,0;505,5;109,6;43,6;66,0;106,33;104,28;88,00;120,94;113,37;153,2;104,28;153,2
1.8.2026;47;11:30 - 11:45;693,6;808,6;55,3;68,8;-13,5;86,46;84,13;66,46;97,11;89,97;124,1;84,13;124,1
1.8.2026;48;11:45 - 12:00;1073,1;574,6;54,9;71,7;-16,8;64,22;63,26;33,40;82,97;33,40;126,6;63,26;126,6
1.8.2026;49;12:00 - 12:15;910,9;1158,5;90,8;73,4;17,4;57,27;53,24;34,46;77,60;53,18;164,2;53,24;164,2
1.8.2026;50;12:15 - 12:30;816,7;1076,5;102,1;54,4;47,7;38,19;39,01;23,78;60,49;35,00;156,5;39,01;156,5
1.8.2026;51;12:30 - 12:45;1276,1;12870,1;59,0;14,3;44,7;34,40;32,53;19,33;45,99;27,98;73,3;32,53;73,3
1.8.2026;52;12:45 - 13:00;1360,8;1421,4;171,1;88,6;82,5;32,77;33,07;13,17;52,64;16,28;259,7;33,07;259,7
1.8.2026;53;13:00 - 13:15;545,3;1056,5;77,2;36,3;40,9;24,78;28,33;8,39;55,00;55,00;113,5;28,33;113,5
1.8.2026;54;13:15 - 13:30;683,0;971,6;105,0;54,7;50,3;24,55;24,39;8,26;45,44;17,90;159,7;24,39;159,7
1.8.2026;55;13:30 - 13:45;710,4;1630,5;96,8;51,1;45,7;21,47;20,16;7,00;42,47;19,25;147,9;20,16;147,9
1.8.2026;56;13:45 - 14:00;617,8;3707,4;98,3;71,7;26,6;24,92;27,65;12,00;45,25;12,73;170,0;27,65;170,0
1.8.2026;57;14:00 - 14:15;685,2;831,6;100,0;47,0;53,0;22,25;20,98;7,30;43,92;12,51;147,0;20,98;147,0
1.8.2026;58;14:15 - 14:30;880,3;929,0;122,4;64,5;57,9;24,27;24,99;11,67;50,80;16,67;186,9;24,99;186,9
1.8.2026;59;14:30 - 14:45;768,0;1254,3;120,4;67,5;52,9;22,90;24,37;9,40;46,50;20,50;187,9;24,37;187,9
1.8.2026;60;14:45 - 15:00;633,8;764,3;126,5;63,3;63,2;27,18;26,92;11,91;48,80;12,20;189,8;26,92;189,8
1.8.2026;61;15:00 - 15:15;1024,4;495,5;133,7;51,5;82,2;18,16;20,29;-1,21;51,80;-0,34;185,2;20,29;185,2
1.8.2026;62;15:15 - 15:30;795,8;850,1;129,8;41,7;88,1;19,35;19,21;-1,90;52,42;-0,01;171,5;19,21;171,5
1.8.2026;63;15:30 - 15:45;977,5;1539,6;158,1;56,3;101,8;21,05;20,19;3,80;48,41;10,66;214,4;20,19;214,4
1.8.2026;64;15:45 - 16:00;3444,4;1213,0;253,1;89,6;163,5;41,14;46,35;9,20;87,74;36,34;342,7;46,35;342,7
1.8.2026;65;16:00 - 16:15;777,9;531,4;215,1;70,1;145,0;24,89;26,47;3,23;67,98;6,00;285,2;26,47;285,2
1.8.2026;66;16:15 - 16:30;4150,5;820,8;362,5;136,8;225,7;45,71;57,17;4,95;150,00;25,00;499,3;57,17;499,3
1.8.2026;67;16:30 - 16:45;28769,5;598,4;261,5;128,8;132,7;109,52;126,31;54,92;200,00;105,00;390,3;126,31;390,3
1.8.2026;68;16:45 - 17:00;17647,6;1333,0;405,4;479,4;-74,0;144,03;149,96;90,75;210,59;210,59;884,8;149,96;884,8
1.8.2026;69;17:00 - 17:15;2843,2;3211,3;132,5;148,1;-15,6;105,38;104,80;77,03;154,36;135,50;280,6;104,80;280,6
1.8.2026;70;17:15 - 17:30;6241,5;10918,5;264,7;207,8;56,9;126,61;131,33;105,47;168,00;136,23;472,5;131,33;472,5
1.8.2026;71;17:30 - 17:45;21609,6;32768,2;220,8;138,6;82,2;164,69;169,21;126,87;194,82;188,90;359,4;169,21;359,4
1.8.2026;72;17:45 - 18:00;8126,0;22095,4;190,8;450,7;-259,9;246,65;273,67;139,10;730,46;190,00;641,5;273,67;641,5
1.8.2026;73;18:00 - 18:15;13341,7;24668,0;149,5;404,7;-255,2;208,60;214,71;132,21;456,50;153,31;554,2;214,71;554,2
1.8.2026;74;18:15 - 18:30;68003,3;10222,2;91,1;326,6;-235,5;222,53;247,71;132,63;646,89;156,17;417,7;247,71;417,7
1.8.2026;75;18:30 - 18:45;23699,8;14359,8;116,8;72,1;44,7;216,66;206,87;162,71;522,25;172,54;188,9;206,87;188,9
1.8.2026;76;18:45 - 19:00;45763,6;402,2;96,7;55,4;41,3;215,56;212,51;160,52;505,76;175,50;152,1;212,51;152,1
1.8.2026;77;19:00 - 19:15;8234,8;589,3;24,3;12,7;11,6;155,06;161,82;113,10;303,80;180,00;37,0;161,82;37,0
1.8.2026;78;19:15 - 19:30;873,5;1742,2;31,4;9,6;21,8;167,54;175,61;151,48;305,39;167,70;41,0;175,61;41,0
1.8.2026;79;19:30 - 19:45;4294,3;1383,9;21,6;18,6;3,0;193,17;195,55;168,45;312,20;175,00;40,2;195,55;40,2
1.8.2026;80;19:45 - 20:00;14088,2;25749,3;25,8;32,0;-6,2;170,60;166,29;93,80;306,95;179,50;57,8;166,29;57,8
1.8.2026;81;20:00 - 20:15;10882,7;2487,7;22,1;14,6;7,5;167,72;157,88;125,00;411,32;148,00;36,7;157,88;36,7
1.8.2026;82;20:15 - 20:30;23032,8;2659,0;31,6;21,9;9,7;159,08;153,18;141,51;183,79;145,00;53,5;153,18;53,5
1.8.2026;83;20:30 - 20:45;302,6;9403,6;13,7;12,2;1,5;154,38;146,95;141,20;182,40;141,21;25,9;146,95;25,9
1.8.2026;84;20:45 - 21:00;12509,6;8350,3;13,7;12,2;1,5;146,98;143,31;136,51;184,53;136,52;25,9;143,31;25,9
1.8.2026;85;21:00 - 21:15;2564,5;345,4;18,3;32,4;-14,1;198,95;198,60;178,52;267,85;202,64;50,7;198,60;50,7
1.8.2026;86;21:15 - 21:30;6617,7;222,8;6,1;18,4;-12,3;188,50;189,65;178,02;200,00;200,00;24,5;189,65;24,5
1.8.2026;87;21:30 - 21:45;11679,9;211,4;25,8;34,3;-8,5;184,81;178,33;150,00;227,91;172,95;60,1;178,33;60,1
1.8.2026;88;21:45 - 22:00;316,0;11680,2;57,1;41,1;16,0;174,07;172,82;155,47;189,20;179,86;98,2;172,82;98,2
1.8.2026;89;22:00 - 22:15;209,4;49961,6;81,2;58,6;22,6;166,24;172,80;134,50;188,05;146,00;139,8;172,80;139,8
1.8.2026;90;22:15 - 22:30;425,9;87021,1;93,5;61,9;31,6;160,27;165,33;130,56;181,41;140,00;155,4;165,33;155,4
1.8.2026;91;22:30 - 22:45;13859,9;533,2;89,6;72,7;16,9;173,70;175,37;155,64;184,01;169,79;162,3;175,37;162,3
1.8.2026;92;22:45 - 23:00;513,6;248,8;27,2;66,3;-39,1;173,55;175,43;159,10;189,50;189,50;93,5;175,43;93,5
1.8.2026;93;23:00 - 23:15;19337,7;6639,0;62,9;81,2;-18,3;182,40;182,94;153,80;219,45;193,49;144,1;182,94;144,1
1.8.2026;94;23:15 - 23:30;20417,7;7478,4;118,5;150,6;-32,1;179,08;175,64;157,25;238,10;196,20;269,1;175,64;269,1
1.8.2026;95;23:30 - 23:45;595,6;549,5;90,3;253,8;-163,5;193,25;193,01;148,25;499,00;191,53;344,1;193,01;344,1
1.8.2026;96;23:45 - 00:00;7645,7;363,8;57,1;274,0;-216,9;174,40;171,97;154,88;279,19;173,53;331,1;171,97;331,1
2.8.2026;1;00:00 - 00:15;92,3;74,4;4,6;16,4;-11,8;182,49;180,98;171,20;193,50;181,34;21,0;180,98;21,0
2.8.2026;2;00:15 - 00:30;126,5;71,4;30,0;1,2;28,8;179,57;180,48;173,19;181,00;181,00;31,2;180,48;31,2
2.8.2026;3;00:30 - 00:45;113,1;147,2;30,0;10,1;19,9;169,50;169,21;166,09;170,00;168,16;40,1;169,21;40,1
2.8.2026;4;00:45 - 01:00;115,7;47,6;37,2;3,1;34,1;160,98;160,82;154,20;162,90;156,28;40,3;160,82;40,3
2.8.2026;5;01:00 - 01:15;55,4;135,5;0,6;8,7;-8,1;166,04;161,50;160,53;171,17;161,30;9,3;161,50;9,3
2.8.2026;6;01:15 - 01:30;60,0;335,5;7,6;16,1;-8,5;150,71;148,71;147,08;165,66;147,08;23,7;148,71;23,7
2.8.2026;7;01:30 - 01:45;61,2;78,4;7,4;22,7;-15,3;150,78;151,14;148,20;155,40;150,51;30,1;151,14;30,1
2.8.2026;8;01:45 - 02:00;100,8;290,8;10,6;24,3;-13,7;153,03;154,38;145,84;165,51;156,83;34,9;154,38;34,9
2.8.2026;9;02:00 - 02:15;94,8;105,0;5,5;13,6;-8,1;156,90;159,29;150,55;164,76;161,80;19,1;159,29;19,1
2.8.2026;10;02:15 - 02:30;95,7;104,7;5,7;18,8;-13,1;156,12;155,83;151,99;160,57;156,00;24,5;155,83;24,5
2.8.2026;11;02:30 - 02:45;103,6;262,6;2,5;28,4;-25,9;155,50;156,21;148,91;160,39;155,13;30,9;156,21;30,9
2.8.2026;12;02:45 - 03:00;181,0;123,7;7,4;14,7;-7,3;149,98;152,80;145,77;157,69;155,56;22,1;152,80;22,1
2.8.2026;13;03:00 - 03:15;142,9;113,2;8,7;14,3;-5,6;152,96;153,10;148,49;159,16;152,88;23,0;153,10;23,0
2.8.2026;14;03:15 - 03:30;156,1;531,9;3,4;16,0;-12,6;160,17;161,82;148,01;169,33;169,33;19,4;161,82;19,4
2.8.2026;15;03:30 - 03:45;154,1;184,6;9,7;27,4;-17,7;155,08;157,68;145,18;163,11;163,11;37,1;157,68;37,1
2.8.2026;16;03:45 - 04:00;230,1;69,3;6,7;5,2;1,5;151,08;152,07;145,78;160,81;160,81;11,9;152,07;11,9
2.8.2026;17;04:00 - 04:15;127,4;631,6;5,3;24,7;-19,4;166,95;172,54;146,37;180,15;177,25;30,0;172,54;30,0
2.8.2026;18;04:15 - 04:30;133,3;171,8;2,6;15,0;-12,4;159,05;167,02;146,89;171,90;171,90;17,6;167,02;17,6
2.8.2026;19;04:30 - 04:45;124,8;202,4;8,8;21,5;-12,7;155,14;157,86;146,81;167,81;165,46;30,3;157,86;30,3
2.8.2026;20;04:45 - 05:00;138,1;118,2;8,8;13,3;-4,5;156,46;159,33;146,31;170,00;170,00;22,1;159,33;22,1
2.8.2026;21;05:00 - 05:15;121,7;31,6;3,8;1,8;2,0;158,39;158,34;150,72;168,49;168,49;5,6;158,34;5,6
2.8.2026;22;05:15 - 05:30;86,9;88,6;5,0;4,0;1,0;163,03;160,99;150,28;170,26;170,09;9,0;160,99;9,0
2.8.2026;23;05:30 - 05:45;127,9;85,1;4,8;5,9;-1,1;164,48;164,35;155,30;178,70;178,05;10,7;164,35;10,7
2.8.2026;24;05:45 - 06:00;154,9;115,0;4,2;16,0;-11,8;167,82;168,72;151,67;178,10;171,90;20,2;168,72;20,2
2.8.2026;25;06:00 - 06:15;611,2;66,3;18,0;2,4;15,6;174,42;176,71;155,97;181,01;181,01;20,4;176,71;20,4
2.8.2026;26;06:15 - 06:30;79,7;77,1;2,0;0,0;2,0;164,95;164,95;154,09;175,80;175,80;2,0;164,95;2,0
2.8.2026;27;06:30 - 06:45;848,2;153,0;27,7;3,4;24,3;157,58;160,33;146,85;167,82;159,56;31,1;160,33;31,1
2.8.2026;28;06:45 - 07:00;211,9;98,6;25,6;4,5;21,1;144,61;144,26;131,48;157,17;145,79;30,1;144,26;30,1
2.8.2026;29;07:00 - 07:15;1189,4;65,1;17,6;2,4;15,2;164,04;168,79;151,23;176,30;167,29;20,0;168,79;20,0
2.8.2026;30;07:15 - 07:30;236,0;89,3;27,0;7,0;20,0;155,53;155,38;140,81;161,30;152,22;34,0;155,38;34,0
2.8.2026;31;07:30 - 07:45;193,7;252,1;38,4;210,0;-171,6;136,94;137,45;132,37;152,00;135,66;248,4;137,45;248,4
2.8.2026;32;07:45 - 08:00;106,9;274,2;29,1;212,0;-182,9;122,11;120,63;116,71;133,01;133,01;241,1;120,63;241,1
2.8.2026;33;08:00 - 08:15;449,7;79,2;47,5;6,0;41,5;139,69;139,44;134,91;145,70;139,95;53,5;139,44;53,5
2.8.2026;34;08:15 - 08:30;120,4;120,5;45,1;5,0;40,1;129,35;129,82;122,39;133,34;132,49;50,1;129,82;50,1
2.8.2026;35;08:30 - 08:45;1403,3;1530,0;38,7;10,5;28,2;106,66;106,39;102,90;115,04;109,37;49,2;106,39;49,2
2.8.2026;36;08:45 - 09:00;8664,1;7359,6;27,1;6,1;21,0;87,69;88,46;85,40;96,88;87,08;33,2;88,46;33,2
2.8.2026;37;09:00 - 09:15;215,3;2631,1;21,4;16,5;4,9;94,50;93,08;83,23;103,13;102,41;37,9;93,08;37,9
2.8.2026;38;09:15 - 09:30;14095,4;13873,9;34,6;24,9;9,7;61,85;60,24;47,68;81,00;47,68;59,5;60,24;59,5
2.8.2026;39;09:30 - 09:45;256,4;196,5;33,1;18,8;14,3;22,06;21,64;7,17;50,00;10,30;51,9;21,64;51,9
2.8.2026;40;09:45 - 10:00;480,6;212,3;62,1;56,9;5,2;3,24;2,03;-4,70;14,16;-3,05;119,0;2,03;119,0
2.8.2026;41;10:00 - 10:15;129,7;204,0;45,6;27,4;18,2;4,20;3,96;-5,33;15,77;-5,33;73,0;3,96;73,0
2.8.2026;42;10:15 - 10:30;470,0;352,0;61,1;61,3;-0,2;-0,81;-0,74;-7,67;10,65;-7,10;122,4;-0,74;122,4
2.8.2026;43;10:30 - 10:45;586,1;287,5;49,8;63,7;-13,9;-2,25;-2,30;-7,85;9,64;-6,95;113,5;-2,30;113,5
2.8.2026;44;10:45 - 11:00;480,9;864,2;64,1;74,4;-10,3;-2,85;-3,31;-10,01;8,80;-10,01;138,5;-3,31;138,5
2.8.2026;45;11:00 - 11:15;834,7;333,1;64,9;46,6;18,3;-2,86;-2,24;-8,61;8,99;-6,90;111,5;-2,24;111,5
2.8.2026;46;11:15 - 11:30;489,7;250,1;48,7;29,2;19,5;-2,61;-2,37;-13,12;5,99;-7,70;77,9;-2,37;77,9
2.8.2026;47;11:30 - 11:45;520,9;293,8;62,0;62,7;-0,7;-1,85;-1,59;-15,68;9,95;-11,59;124,7;-1,59;124,7
2.8.2026;48;11:45 - 12:00;753,9;546,0;65,3;69,7;-4,4;-4,12;-4,51;-18,96;9,01;-11,00;135,0;-4,51;135,0
2.8.2026;49;12:00 - 12:15;271,3;302,7;27,2;26,5;0,7;-0,55;-2,62;-15,40;9,94;-15,40;53,7;-2,62;53,7
2.8.2026;50;12:15 - 12:30;337,0;167,1;30,0;27,5;2,5;-2,86;-4,98;-18,20;10,58;-18,20;57,5;-4,98;57,5
2.8.2026;51;12:30 - 12:45;334,4;279,5;31,9;26,5;5,4;-4,56;-5,28;-20,99;8,55;-20,67;58,4;-5,28;58,4
2.8.2026;52;12:45 - 13:00;382,6;488,1;44,8;36,5;8,3;-11,41;-10,74;-24,26;9,02;-20,00;81,3;-10,74;81,3
2.8.2026;53;13:00 - 13:15;375,0;693,4;37,5;53,7;-16,2;-11,31;-14,21;-28,76;9,18;-28,76;91,2;-14,21;91,2
2.8.2026;54;13:15 - 13:30;494,9;655,6;51,5;53,7;-2,2;-13,69;-15,48;-27,66;8,23;-27,45;105,2;-15,48;105,2
2.8.2026;55;13:30 - 13:45;647,0;1307,9;34,5;96,6;-62,1;-13,88;-13,63;-27,97;7,06;-13,96;131,1;-13,63;131,1
2.8.2026;56;13:45 - 14:00;474,3;1045,2;31,9;88,9;-57,0;-10,48;-9,48;-24,86;9,87;-8,39;120,8;-9,48;120,8
2.8.2026;57;14:00 - 14:15;515,6;404,5;32,9;41,9;-9,0;-10,50;-8,86;-21,33;8,83;-16,17;74,8;-8,86;74,8
2.8.2026;58;14:15 - 14:30;319,0;758,9;38,1;42,6;-4,5;-8,64;-8,65;-20,00;10,00;-9,57;80,7;-8,65;80,7
2.8.2026;59;14:30 - 14:45;338,0;429,3;44,2;42,5;1,7;-6,77;-6,48;-19,93;9,98;-4,83;86,7;-6,48;86,7
2.8.2026;60;14:45 - 15:00;626,5;534,9;60,0;63,1;-3,1;-7,61;-6,38;-21,31;6,00;-3,25;123,1;-6,38;123,1
2.8.2026;61;15:00 - 15:15;398,2;1380,4;27,2;39,6;-12,4;-1,59;-3,03;-9,18;8,50;-9,00;66,8;-3,03;66,8
2.8.2026;62;15:15 - 15:30;513,6;491,1;39,4;59,7;-20,3;-1,87;-2,72;-9,45;9,81;3,30;99,1;-2,72;99,1
2.8.2026;63;15:30 - 15:45;251,0;981,8;32,1;69,6;-37,5;-0,49;-1,03;-7,69;14,62;4,90;101,7;-1,03;101,7
2.8.2026;64;15:45 - 16:00;396,6;816,5;35,1;60,8;-25,7;2,56;2,06;-3,90;12,72;1,00;95,9;2,06;95,9
2.8.2026;65;16:00 - 16:15;208,0;204,7;40,8;24,9;15,9;-7,80;-8,39;-16,62;20,31;-12,27;65,7;-8,39;65,7
2.8.2026;66;16:15 - 16:30;206,5;124,0;42,8;40,0;2,8;-4,49;-5,51;-11,94;18,00;-10,25;82,8;-5,51;82,8
2.8.2026;67;16:30 - 16:45;6214,3;686,9;94,6;31,8;62,8;28,51;23,99;3,53;85,44;36,90;126,4;23,99;126,4
2.8.2026;68;16:45 - 17:00;9893,4;444,3;54,2;38,0;16,2;111,09;118,77;48,00;199,99;199,99;92,2;118,77;92,2
2.8.2026;69;17:00 - 17:15;710,9;7065,2;8,0;7,7;0,3;63,38;69,65;48,00;105,60;65,10;15,7;69,65;15,7
2.8.2026;70;17:15 - 17:30;1776,4;212,7;6,6;6,1;0,5;129,66;119,99;79,53;254,30;100,00;12,7;119,99;12,7
2.8.2026;71;17:30 - 17:45;7298,8;4580,0;5,4;4,4;1,0;185,06;213,06;107,81;265,60;265,60;9,8;213,06;9,8
2.8.2026;72;17:45 - 18:00;22617,2;103,9;0,3;0,3;0,0;160,50;160,50;160,50;160,50;160,50;0,6;160,50;0,6
2.8.2026;73;18:00 - 18:15;10295,3;709,3;77,9;122,1;-44,2;148,58;148,66;111,71;171,20;115,20;200,0;148,66;200,0
2.8.2026;74;18:15 - 18:30;546,5;1073,7;92,6;139,7;-47,1;184,76;168,79;129,90;386,62;134,98;232,3;168,79;232,3
2.8.2026;75;18:30 - 18:45;377,8;196,0;32,4;11,2;21,2;167,65;174,01;156,61;204,04;159,13;43,6;174,01;43,6
2.8.2026;76;18:45 - 19:00;2989,0;344,0;23,0;15,5;7,5;189,78;194,17;176,34;220,00;185,15;38,5;194,17;38,5
2.8.2026;77;19:00 - 19:15;142,9;120,2;10,5;0,0;10,5;160,91;160,50;150,06;173,83;150,07;10,5;160,50;10,5
2.8.2026;78;19:15 - 19:30;140,0;759,0;8,0;5,0;3,0;170,26;168,47;161,00;175,65;161,00;13,0;168,47;13,0
2.8.2026;79;19:30 - 19:45;164,0;164,7;6,4;1,4;5,0;145,20;166,40;68,02;181,68;68,02;7,8;166,40;7,8
2.8.2026;80;19:45 - 20:00;13126,6;13574,3;19,3;23,5;-4,2;178,37;172,26;160,00;200,00;170,00;42,8;172,26;42,8
2.8.2026;81;20:00 - 20:15;365,5;171,7;24,7;13,1;11,6;148,24;161,99;70,40;166,65;166,62;37,8;161,99;37,8
2.8.2026;82;20:15 - 20:30;1049,9;6231,8;16,1;5,6;10,5;149,01;144,41;135,00;161,92;149,04;21,7;144,41;21,7
2.8.2026;83;20:30 - 20:45;823,5;141,4;30,3;7,0;23,3;146,96;145,75;134,40;176,51;159,99;37,3;145,75;37,3
2.8.2026;84;20:45 - 21:00;630,2;216,1;35,0;0,0;35,0;150,96;146,63;142,36;184,20;143,36;35,0;146,63;35,0
2.8.2026;85;21:00 - 21:15;1337,3;2508,0;61,8;3,0;58,8;149,01;146,58;127,73;190,07;144,04;64,8;146,58;64,8
2.8.2026;86;21:15 - 21:30;9607,2;224,3;27,1;6,1;21,0;154,54;148,27;128,85;173,37;162,04;33,2;148,27;33,2
2.8.2026;87;21:30 - 21:45;203,1;215,2;16,7;6,1;10,6;151,80;148,21;136,52;172,88;144,81;22,8;148,21;22,8
2.8.2026;88;21:45 - 22:00;505,4;156,6;6,6;2,0;4,6;158,21;158,23;156,66;158,60;156,66;8,6;158,23;8,6
2.8.2026;89;22:00 - 22:15;1038,4;94,0;11,9;11,9;0,0;269,55;244,70;179,99;294,17;291,20;23,8;244,70;23,8
2.8.2026;90;22:15 - 22:30;13862,4;119,0;15,9;10,4;5,5;151,43;153,68;121,54;173,30;164,70;26,3;153,68;26,3
2.8.2026;91;22:30 - 22:45;2411,8;118,3;13,1;13,1;0,0;165,43;164,39;120,00;265,50;160,00;26,2;164,39;26,2
2.8.2026;92;22:45 - 23:00;639,8;118,8;19,8;12,8;7,0;150,76;151,46;111,26;268,38;160,00;32,6;151,46;32,6
2.8.2026;93;23:00 - 23:15;15779,8;24035,4;45,0;99,4;-54,4;176,85;182,44;159,74;350,00;160,00;144,4;182,44;144,4
2.8.2026;94;23:15 - 23:30;291,9;13945,7;34,0;101,2;-67,2;170,50;174,79;148,31;300,00;174,99;135,2;174,79;135,2
2.8.2026;95;23:30 - 23:45;13725,2;24160,9;22,4;70,9;-48,5;168,22;181,36;150,86;326,93;159,20;93,3;181,36;93,3
2.8.2026;96;23:45 - 00:00;1358,1;2445,5;36,0;65,7;-29,7;158,80;172,95;147,32;337,51;161,50;101,7;172,95;101,7
3.8.2026;1;00:00 - 00:15;1471,6;59,7;33,2;2,1;31,1;172,65;169,99;164,83;186,79;170,00;35,3;169,99;35,3
3.8.2026;2;00:15 - 00:30;2265,6;109,6;11,9;0,0;11,9;171,48;170,73;161,10;176,81;174,19;11,9;170,73;11,9
3.8.2026;3;00:30 - 00:45;4384,1;50,7;5,2;1,0;4,2;248,77;227,45;170,48;346,25;171,28;6,2;227,45;6,2
3.8.2026;4;00:45 - 01:00;1429,4;60,0;3,3;2,3;1,0;294,10;304,44;161,32;335,50;335,50;5,6;304,44;5,6
3.8.2026;5;01:00 - 01:15;1670,9;65,8;0,0;0,0;0,0;;;;;;0,0;;0,0
3.8.2026;6;01:15 - 01:30;2251,3;72,5;0,0;0,0;0,0;;;;;;0,0;;0,0
3.8.2026;7;01:30 - 01:45;2554,1;66,8;0,0;0,0;0,0;;;;;;0,0;;0,0
3.8.2026;8;01:45 - 02:00;1157,3;68,6;0,0;0,0;0,0;;;;;;0,0;;0,0
3.8.2026;9;02:00 - 02:15;5659,6;67,2;0,0;0,0;0,0;;;;;;0,0;;0,0
3.8.2026;10;02:15 - 02:30;2506,2;72,2;0,0;0,0;0,0;;;;;;0,0;;0,0
3.8.2026;11;02:30 - 02:45;3519,8;63,6;0,0;0,0;0,0;;;;;;0,0;;0,0
3.8.2026;12;02:45 - 03:00;3519,9;69,8;0,0;0,0;0,0;;;;;;0,0;;0,0
3.8.2026;13;03:00 - 03:15;1614,8;67,6;0,0;0,0;0,0;;;;;;0,0;;0,0
3.8.2026;14;03:15 - 03:30;2243,9;67,6;0,0;0,0;0,0;;;;;;0,0;;0,0
3.8.2026;15;03:30 - 03:45;1915,4;69,8;0,0;0,2;-0,2;160,75;160,75;160,74;160,76;160,76;0,2;160,75;0,2
3.8.2026;16;03:45 - 04:00;7598,4;71,6;0,0;1,3;-1,3;159,64;159,59;159,40;160,62;159,40;1,3;159,59;1,3
3.8.2026;17;04:00 - 04:15;8012,9;76,9;11,1;0,5;10,6;163,58;163,49;163,46;163,75;163,75;11,6;163,49;11,6
3.8.2026;18;04:15 - 04:30;2641,1;79,2;12,4;0,0;12,4;159,98;161,01;156,00;163,19;163,19;12,4;161,01;12,4
3.8.2026;19;04:30 - 04:45;2162,2;80,2;2,2;0,0;2,2;151,42;151,42;151,42;151,42;151,42;2,2;151,42;2,2
3.8.2026;20;04:45 - 05:00;7473,8;77,1;2,2;0,0;2,2;151,76;151,76;151,76;151,76;151,76;2,2;151,76;2,2
3.8.2026;21;05:00 - 05:15;36,0;43,8;0,0;0,0;0,0;;;;;;0,0;;0,0
3.8.2026;22;05:15 - 05:30;36,5;69,6;0,0;19,9;-19,9;171,60;173,01;168,63;173,10;173,08;19,9;173,01;19,9
3.8.2026;23;05:30 - 05:45;38,3;78,3;0,0;24,3;-24,3;165,22;164,77;163,03;169,99;163,03;24,3;164,77;24,3
3.8.2026;24;05:45 - 06:00;43,7;100,3;0,0;15,4;-15,4;160,73;160,82;158,62;161,54;158,62;15,4;160,82;15,4
3.8.2026;25;06:00 - 06:15;110,3;90,9;5,8;28,9;-23,1;162,87;164,40;158,00;168,99;167,11;34,7;164,40;34,7
3.8.2026;26;06:15 - 06:30;112,7;140,2;31,5;65,8;-34,3;166,34;166,77;160,81;169,04;164,79;97,3;166,77;97,3
3.8.2026;27;06:30 - 06:45;157,7;212,0;51,7;82,3;-30,6;161,97;161,86;156,27;172,62;160,00;134,0;161,86;134,0
3.8.2026;28;06:45 - 07:00;154,5;227,2;47,4;76,4;-29,0;158,01;157,46;153,01;167,10;156,62;123,8;157,46;123,8
3.8.2026;29;07:00 - 07:15;131,6;93,1;5,3;5,5;-0,2;164,06;164,49;152,79;172,30;152,79;10,8;164,49;10,8
3.8.2026;30;07:15 - 07:30;169,6;143,1;5,4;9,7;-4,3;159,30;158,01;149,34;167,10;152,53;15,1;158,01;15,1
3.8.2026;31;07:30 - 07:45;521,3;71,5;7,0;12,7;-5,7;154,86;152,57;147,08;164,00;148,46;19,7;152,57;19,7
3.8.2026;32;07:45 - 08:00;243,7;146,5;3,6;15,3;-11,7;143,38;142,51;141,12;148,94;141,35;18,9;142,51;18,9
3.8.2026;33;08:00 - 08:15;2096,0;404,1;19,0;58,4;-39,4;156,14;149,13;80,10;170,67;80,10;77,4;149,13;77,4
3.8.2026;34;08:15 - 08:30;487,0;461,0;27,2;87,5;-60,3;150,25;146,50;115,10;160,74;120,10;114,7;146,50;114,7
3.8.2026;35;08:30 - 08:45;413,2;1403,5;38,8;116,7;-77,9;147,16;145,22;110,21;154,06;110,21;155,5;145,22;155,5
3.8.2026;36;08:45 - 09:00;320,9;1500,6;27,6;110,1;-82,5;123,94;123,85;105,50;132,43;110,50;137,7;123,85;137,7
3.8.2026;37;09:00 - 09:15;1122,1;511,4;50,5;60,6;-10,1;142,99;144,27;128,49;161,74;128,49;111,1;144,27;111,1
3.8.2026;38;09:15 - 09:30;421,8;651,7;20,1;64,5;-44,4;127,20;127,32;106,60;144,61;124,95;84,6;127,32;84,6
3.8.2026;39;09:30 - 09:45;8105,5;1207,4;26,2;89,3;-63,1;91,42;88,98;69,90;111,25;100,03;115,5;88,98;115,5
3.8.2026;40;09:45 - 10:00;5512,2;993,9;54,4;119,5;-65,1;77,45;77,70;53,64;98,22;79,15;173,9;77,70;173,9
3.8.2026;41;10:00 - 10:15;10182,9;1785,8;48,7;53,8;-5,1;91,78;91,61;40,10;123,66;40,10;102,5;91,61;102,5
3.8.2026;42;10:15 - 10:30;7467,2;1559,6;30,9;73,0;-42,1;94,13;94,13;77,23;111,94;111,94;103,9;94,13;103,9
3.8.2026;43;10:30 - 10:45;4715,2;744,2;28,2;98,0;-69,8;101,60;102,62;84,69;122,27;121,62;126,2;102,62;126,2
3.8.2026;44;10:45 - 11:00;756,6;1380,7;62,6;125,4;-62,8;96,34;95,15;60,10;120,00;60,10;188,0;95,15;188,0
3.8.2026;45;11:00 - 11:15;1613,6;612,6;56,5;50,4;6,1;71,57;70,69;57,01;92,99;71,47;106,9;70,69;106,9
3.8.2026;46;11:15 - 11:30;4092,3;726,4;61,3;61,9;-0,6;68,96;68,98;56,15;86,59;56,15;123,2;68,98;123,2
3.8.2026;47;11:30 - 11:45;10529,1;592,1;79,8;79,4;0,4;68,61;69,66;51,57;85,50;64,95;159,2;69,66;159,2
3.8.2026;48;11:45 - 12:00;5091,5;592,5;68,4;61,7;6,7;68,97;69,64;59,92;86,65;70,00;130,1;69,64;130,1
3.8.2026;49;12:00 - 12:15;2228,4;388,4;59,0;50,3;8,7;72,87;73,03;56,03;90,00;80,00;109,3;73,03;109,3
3.8.2026;50;12:15 - 12:30;1265,1;378,5;67,8;43,8;24,0;72,44;71,12;52,56;86,99;52,56;111,6;71,12;111,6
3.8.2026;51;12:30 - 12:45;922,2;612,7;85,8;55,4;30,4;72,79;72,59;62,67;86,00;67,53;141,2;72,59;141,2
3.8.2026;52;12:45 - 13:00;1070,9;469,5;107,2;61,2;46,0;58,85;56,77;27,02;84,21;27,02;168,4;56,77;168,4
3.8.2026;53;13:00 - 13:15;451,6;575,4;54,5;55,0;-0,5;64,71;64,88;29,23;82,03;68,99;109,5;64,88;109,5
3.8.2026;54;13:15 - 13:30;627,8;614,7;78,7;54,8;23,9;64,62;60,85;28,42;89,81;44,22;133,5;60,85;133,5
3.8.2026;55;13:30 - 13:45;2556,8;445,5;83,7;60,2;23,5;57,05;49,95;6,93;83,19;30,34;143,9;49,95;143,9
3.8.2026;56;13:45 - 14:00;912,4;3109,1;56,5;116,1;-59,6;53,17;50,52;15,58;93,30;50,00;172,6;50,52;172,6
3.8.2026;57;14:00 - 14:15;755,4;431,9;52,5;64,8;-12,3;48,55;45,05;5,00;88,85;5,00;117,3;45,05;117,3
3.8.2026;58;14:15 - 14:30;737,6;1077,3;66,3;85,2;-18,9;64,66;65,67;40,34;100,47;45,00;151,5;65,67;151,5
3.8.2026;59;14:30 - 14:45;24283,6;844,8;114,2;106,5;7,7;58,48;58,05;25,72;95,08;61,00;220,7;58,05;220,7
3.8.2026;60;14:45 - 15:00;4068,6;1039,8;144,5;128,6;15,9;64,67;64,03;36,18;99,90;73,88;273,1;64,03;273,1
3.8.2026;61;15:00 - 15:15;4965,3;1376,2;127,9;147,0;-19,1;64,85;63,73;10,95;89,80;89,57;274,9;63,73;274,9
3.8.2026;62;15:15 - 15:30;2885,0;971,7;98,1;124,1;-26,0;92,87;92,70;73,36;123,63;112,89;222,2;92,70;222,2
3.8.2026;63;15:30 - 15:45;16409,2;1068,2;61,5;105,9;-44,4;115,72;115,96;95,48;131,72;126,00;167,4;115,96;167,4
3.8.2026;64;15:45 - 16:00;25337,1;1032,5;123,7;79,7;44,0;123,90;124,05;112,88;148,16;142,00;203,4;124,05;203,4
3.8.2026;65;16:00 - 16:15;19434,5;1118,6;73,8;197,1;-123,3;112,85;114,08;89,31;137,95;108,05;270,9;114,08;270,9
3.8.2026;66;16:15 - 16:30;11167,0;4094,0;58,0;136,5;-78,5;121,16;121,05;101,16;142,20;120,00;194,5;121,05;194,5
3.8.2026;67;16:30 - 16:45;7794,8;402,5;102,8;93,2;9,6;130,93;131,73;108,16;160,12;148,80;196,0;131,73;196,0
3.8.2026;68;16:45 - 17:00;495,7;356,9;71,7;82,6;-10,9;146,53;144,94;127,62;175,23;146,43;154,3;144,94;154,3
3.8.2026;69;17:00 - 17:15;377,7;727,0;30,9;76,0;-45,1;135,57;135,59;126,24;153,63;135,00;106,9;135,59;106,9
3.8.2026;70;17:15 - 17:30;444,2;313,2;33,5;31,7;1,8;149,64;149,77;137,84;157,24;137,84;65,2;149,77;65,2
3.8.2026;71;17:30 - 17:45;505,2;306,0;56,8;43,9;12,9;180,61;182,47;105,50;226,01;105,50;100,7;182,47;100,7
3.8.2026;72;17:45 - 18:00;4238,9;1755,5;83,8;59,4;24,4;201,68;203,03;161,35;251,76;167,20;143,2;203,03;143,2
3.8.2026;73;18:00 - 18:15;10687,9;5031,8;36,7;139,4;-102,7;199,08;193,76;120,01;255,22;120,01;176,1;193,76;176,1
3.8.2026;74;18:15 - 18:30;352,7;19363,8;64,5;179,2;-114,7;235,96;230,35;182,31;264,15;184,75;243,7;230,35;243,7
3.8.2026;75;18:30 - 18:45;287,1;416,8;39,2;134,3;-95,1;242,06;241,03;208,90;280,60;239,45;173,5;241,03;173,5
3.8.2026;76;18:45 - 19:00;6653,1;587,6;117,9;184,6;-66,7;275,71;257,77;213,12;365,59;213,12;302,5;257,77;302,5
3.8.2026;77;19:00 - 19:15;594,8;4624,9;51,1;77,1;-26,0;267,38;246,59;187,16;334,96;187,96;128,2;246,59;128,2
3.8.2026;78;19:15 - 19:30;510,3;25658,4;86,2;88,2;-2,0;266,97;235,07;187,02;375,80;189,10;174,4;235,07;174,4
3.8.2026;79;19:30 - 19:45;379,2;13378,9;89,6;83,8;5,8;358,86;310,47;195,01;500,00;219,00;173,4;310,47;173,4
3.8.2026;80;19:45 - 20:00;330,9;26200,2;125,5;133,0;-7,5;342,29;299,40;195,14;532,04;207,00;258,5;299,40;258,5
3.8.2026;81;20:00 - 20:15;321,9;484,9;89,5;72,1;17,4;335,44;331,89;194,93;545,26;194,93;161,6;331,89;161,6
3.8.2026;82;20:15 - 20:30;363,8;1212,3;51,6;77,6;-26,0;310,06;252,54;191,00;443,76;215,01;129,2;252,54;129,2
3.8.2026;83;20:30 - 20:45;382,6;1952,8;59,4;64,1;-4,7;268,94;230,30;180,18;343,90;180,18;123,5;230,30;123,5
3.8.2026;84;20:45 - 21:00;316,3;5370,2;66,0;117,9;-51,9;249,67;224,66;178,34;326,11;213,99;183,9;224,66;183,9
3.8.2026;85;21:00 - 21:15;332,3;299,2;59,4;73,7;-14,3;235,23;232,32;150,00;333,78;150,00;133,1;232,32;133,1
3.8.2026;86;21:15 - 21:30;317,5;292,6;43,3;65,2;-21,9;216,72;213,63;183,01;280,01;188,21;108,5;213,63;108,5
3.8.2026;87;21:30 - 21:45;268,7;898,1;22,2;53,2;-31,0;198,23;202,94;180,48;260,75;204,90;75,4;202,94;75,4
3.8.2026;88;21:45 - 22:00;236,3;5861,4;4,7;50,9;-46,2;186,88;184,69;175,01;220,00;175,01;55,6;184,69;55,6
3.8.2026;89;22:00 - 22:15;370,1;657,3;79,3;64,8;14,5;196,99;197,92;179,17;255,77;179,17;144,1;197,92;144,1
3.8.2026;90;22:15 - 22:30;276,3;804,7;85,8;75,4;10,4;193,30;190,99;171,92;256,05;187,00;161,2;190,99;161,2
3.8.2026;91;22:30 - 22:45;385,6;714,1;95,7;68,6;27,1;167,97;167,51;147,30;181,73;166,00;164,3;167,51;164,3
3.8.2026;92;22:45 - 23:00;337,7;1541,7;69,6;111,6;-42,0;155,26;159,32;135,15;170,00;168,00;181,2;159,32;181,2
3.8.2026;93;23:00 - 23:15;281,0;1554,8;28,7;62,2;-33,5;220,75;222,52;171,91;251,87;206,90;90,9;222,52;90,9
3.8.2026;94;23:15 - 23:30;318,1;210,4;41,4;69,6;-28,2;198,16;199,13;144,78;231,41;160,02;111,0;199,13;111,0
3.8.2026;95;23:30 - 23:45;272,5;253,6;34,0;43,8;-9,8;204,99;203,98;186,68;236,36;218,98;77,8;203,98;77,8
3.8.2026;96;23:45 - 00:00;328,8;182,2;37,8;53,0;-15,2;186,63;187,81;164,57;218,83;209,99;90,8;187,81;90,8
4.8.2026;1;00:00 - 00:15;538,5;50,8;3,0;5,3;-2,3;205,24;202,09;183,87;246,44;194,67;8,3;202,09;8,3
4.8.2026;2;00:15 - 00:30;1934,4;42,8;0,9;1,4;-0,5;193,82;198,13;187,51;208,43;194,91;2,3;198,13;2,3
4.8.2026;3;00:30 - 00:45;1488,3;38,7;0,9;1,4;-0,5;189,89;192,15;185,28;204,01;188,06;2,3;192,15;2,3
4.8.2026;4;00:45 - 01:00;1832,9;49,9;4,6;3,2;1,4;164,21;160,16;147,20;195,32;167,37;7,8;160,16;7,8
4.8.2026;5;01:00 - 01:15;999,0;42,5;1,7;1,2;0,5;191,11;192,43;186,90;202,41;189,00;2,9;192,43;2,9
4.8.2026;6;01:15 - 01:30;1872,7;58,8;1,7;3,6;-1,9;192,02;189,05;186,50;203,50;186,50;5,3;189,05;5,3
4.8.2026;7;01:30 - 01:45;2428,0;42,6;4,4;4,0;0,4;178,57;180,16;163,65;198,41;163,65;8,4;180,16;8,4
4.8.2026;8;01:45 - 02:00;1811,5;51,2;4,7;4,0;0,7;183,09;182,97;181,86;194,30;181,86;8,7;182,97;8,7
4.8.2026;9;02:00 - 02:15;1356,6;43,2;0,1;0,0;0,1;183,64;183,64;183,64;183,64;183,64;0,1;183,64;0,1
4.8.2026;10;02:15 - 02:30;1319,3;43,2;0,0;0,0;0,0;;;;;;0,0;;0,0
4.8.2026;11;02:30 - 02:45;1641,1;43,2;0,0;0,0;0,0;;;;;;0,0;;0,0
4.8.2026;12;02:45 - 03:00;1911,2;44,3;0,0;0,0;0,0;;;;;;0,0;;0,0
4.8.2026;13;03:00 - 03:15;5325,7;43,4;0,0;0,0;0,0;;;;;;0,0;;0,0
4.8.2026;14;03:15 - 03:30;4105,7;58,4;0,0;0,0;0,0;;;;;;0,0;;0,0
4.8.2026;15;03:30 - 03:45;4132,7;73,3;0,0;0,0;0,0;;;;;;0,0;;0,0
4.8.2026;16;03:45 - 04:00;45,7;37,3;0,0;0,0;0,0;;;;;;0,0;;0,0
4.8.2026;17;04:00 - 04:15;41,9;232,2;1,7;7,5;-5,8;155,96;154,14;142,27;169,98;145,23;9,2;154,14;9,2
4.8.2026;18;04:15 - 04:30;54,6;145,6;4,4;32,1;-27,7;156,38;155,45;142,84;182,58;142,84;36,5;155,45;36,5
4.8.2026;19;04:30 - 04:45;56,3;97,6;1,6;9,2;-7,6;164,03;162,51;157,16;179,16;160,91;10,8;162,51;10,8
4.8.2026;20;04:45 - 05:00;73,0;81,4;3,8;22,9;-19,1;168,17;167,99;160,17;186,46;165,69;26,7;167,99;26,7
4.8.2026;21;05:00 - 05:15;45,6;103,3;0,6;45,9;-45,3;169,33;169,34;167,94;177,39;171,96;46,5;169,34;46,5
4.8.2026;22;05:15 - 05:30;79,3;153,7;11,6;22,3;-10,7;176,41;175,93;168,00;183,89;173,78;33,9;175,93;33,9
4.8.2026;23;05:30 - 05:45;91,4;174,5;2,9;61,0;-58,1;179,80;180,13;163,76;191,37;178,23;63,9;180,13;63,9
4.8.2026;24;05:45 - 06:00;78,7;520,5;3,6;58,5;-54,9;180,87;183,61;165,77;186,09;186,09;62,1;183,61;62,1
4.8.2026;25;06:00 - 06:15;75,7;471,6;5,7;51,2;-45,5;178,69;181,56;168,92;184,97;183,33;56,9;181,56;56,9
4.8.2026;26;06:15 - 06:30;86,0;162,1;4,7;29,2;-24,5;175,50;180,65;162,18;184,62;182,17;33,9;180,65;33,9
4.8.2026;27;06:30 - 06:45;89,5;185,1;5,1;24,0;-18,9;176,04;177,38;156,74;185,21;175,29;29,1;177,38;29,1
4.8.2026;28;06:45 - 07:00;150,3;98,5;14,9;22,4;-7,5;173,56;176,41;161,67;184,49;175,39;37,3;176,41;37,3
4.8.2026;29;07:00 - 07:15;110,4;112,9;2,7;8,8;-6,1;172,27;174,33;152,36;185,81;176,79;11,5;174,33;11,5
4.8.2026;30;07:15 - 07:30;5123,0;106,6;3,3;6,8;-3,5;172,10;169,34;149,06;183,20;172,01;10,1;169,34;10,1
4.8.2026;31;07:30 - 07:45;292,0;162,1;8,7;8,7;0,0;172,47;170,83;164,40;179,27;164,40;17,4;170,83;17,4
4.8.2026;32;07:45 - 08:00;7429,7;354,6;0,8;23,6;-22,8;156,09;156,70;116,20;167,27;116,20;24,4;156,70;24,4
4.8.2026;33;08:00 - 08:15;9306,6;13459,7;14,1;37,7;-23,6;173,22;171,16;167,10;186,08;170,06;51,8;171,16;51,8
4.8.2026;34;08:15 - 08:30;8614,0;18189,2;23,7;18,5;5,2;162,88;161,96;143,00;178,62;162,20;42,2;161,96;42,2
4.8.2026;35;08:30 - 08:45;447,2;782,7;31,5;73,4;-41,9;153,10;153,83;134,02;171,64;156,57;104,9;153,83;104,9
4.8.2026;36;08:45 - 09:00;17262,4;490,5;435,4;59,0;376,4;134,49;134,14;120,36;143,49;139,06;494,4;134,14;494,4
4.8.2026;37;09:00 - 09:15;5264,7;440,8;43,1;31,8;11,3;153,63;155,90;145,77;168,90;158,30;74,9;155,90;74,9
4.8.2026;38;09:15 - 09:30;9569,1;413,8;59,9;25,0;34,9;140,97;142,47;131,55;154,09;131,60;84,9;142,47;84,9
4.8.2026;39;09:30 - 09:45;23058,7;647,5;49,8;44,1;5,7;133,31;133,22;125,93;136,11;134,90;93,9;133,22;93,9
4.8.2026;40;09:45 - 10:00;15584,3;1673,8;79,3;110,2;-30,9;131,31;131,16;110,80;188,70;147,10;189,5;131,16;189,5
4.8.2026;41;10:00 - 10:15;386,7;1437,0;30,1;68,0;-37,9;135,89;133,18;117,69;149,92;149,92;98,1;133,18;98,1
4.8.2026;42;10:15 - 10:30;12474,4;4618,9;51,7;53,0;-1,3;119,06;119,78;101,00;128,80;126,41;104,7;119,78;104,7
4.8.2026;43;10:30 - 10:45;11416,3;5145,4;38,1;46,2;-8,1;110,64;111,35;94,32;119,65;119,65;84,3;111,35;84,3
4.8.2026;44;10:45 - 11:00;1903,7;495,2;33,5;25,8;7,7;100,08;100,65;73,66;108,30;85,00;59,3;100,65;59,3
4.8.2026;45;11:00 - 11:15;1615,2;313,3;52,0;31,3;20,7;101,93;102,11;70,06;120,00;120,00;83,3;102,11;83,3
4.8.2026;46;11:15 - 11:30;4378,2;337,0;38,4;29,6;8,8;91,61;92,31;72,32;111,63;72,32;68,0;92,31;68,0
4.8.2026;47;11:30 - 11:45;12949,7;315,6;88,6;48,4;40,2;74,92;78,00;47,30;98,00;63,99;137,0;78,00;137,0
4.8.2026;48;11:45 - 12:00;1281,6;239,2;90,2;61,3;28,9;81,54;81,78;65,01;96,23;80,00;151,5;81,78;151,5
4.8.2026;49;12:00 - 12:15;385,2;3714,5;64,7;25,0;39,7;87,73;95,37;55,20;119,98;69,51;89,7;95,37;89,7
4.8.2026;50;12:15 - 12:30;404,6;573,9;69,4;41,6;27,8;70,91;72,63;35,57;90,00;66,50;111,0;72,63;111,0
4.8.2026;51;12:30 - 12:45;1158,7;6762,5;44,6;38,7;5,9;74,99;70,48;55,50;89,77;63,90;83,3;70,48;83,3
4.8.2026;52;12:45 - 13:00;3543,0;7877,0;35,1;41,4;-6,3;74,56;72,05;55,00;91,48;61,56;76,5;72,05;76,5
4.8.2026;53;13:00 - 13:15;763,1;268,3;46,7;46,1;0,6;77,71;78,36;64,90;90,00;76,40;92,8;78,36;92,8
4.8.2026;54;13:15 - 13:30;6047,4;383,2;44,5;46,5;-2,0;97,99;120,59;65,00;172,00;150,00;91,0;120,59;91,0
4.8.2026;55;13:30 - 13:45;17715,9;1312,3;49,0;39,0;10,0;80,69;85,48;66,60;117,00;117,00;88,0;85,48;88,0
4.8.2026;56;13:45 - 14:00;6769,7;1689,0;67,0;51,6;15,4;74,70;72,86;60,00;84,58;66,00;118,6;72,86;118,6
4.8.2026;57;14:00 - 14:15;13050,4;1884,2;53,0;74,9;-21,9;76,89;77,71;64,60;90,50;69,00;127,9;77,71;127,9
4.8.2026;58;14:15 - 14:30;1171,5;326,0;50,6;73,9;-23,3;79,36;79,17;65,30;99,67;85,86;124,5;79,17;124,5
4.8.2026;59;14:30 - 14:45;2109,3;769,8;43,5;48,4;-4,9;80,84;82,28;65,40;93,90;79,90;91,9;82,28;91,9
4.8.2026;60;14:45 - 15:00;26466,8;1109,2;39,6;50,4;-10,8;86,23;84,97;39,72;98,18;74,20;90,0;84,97;90,0
4.8.2026;61;15:00 - 15:15;7801,6;196,9;40,5;30,2;10,3;81,60;81,78;25,00;100,92;25,11;70,7;81,78;70,7
4.8.2026;62;15:15 - 15:30;15861,3;8940,8;51,3;27,2;24,1;92,32;93,32;82,43;109,98;88,68;78,5;93,32;78,5
4.8.2026;63;15:30 - 15:45;710,8;248,9;50,7;35,1;15,6;118,90;118,60;108,00;131,01;108,00;85,8;118,60;85,8
4.8.2026;64;15:45 - 16:00;376,2;2580,1;59,4;62,9;-3,5;156,85;158,53;125,61;184,90;157,50;122,3;158,53;122,3
4.8.2026;65;16:00 - 16:15;1159,0;449,7;69,9;54,1;15,8;108,27;108,96;96,07;118,65;117,46;124,0;108,96;124,0
4.8.2026;66;16:15 - 16:30;1027,1;826,3;76,2;68,5;7,7;122,64;121,38;113,38;133,00;133,00;144,7;121,38;144,7
4.8.2026;67;16:30 - 16:45;1993,6;933,7;58,9;55,9;3,0;132,22;133,16;118,25;147,86;133,80;114,8;133,16;114,8
4.8.2026;68;16:45 - 17:00;900,3;1204,5;64,3;50,4;13,9;162,75;161,89;144,55;175,93;167,26;114,7;161,89;114,7
4.8.2026;69;17:00 - 17:15;5111,0;912,0;95,5;50,6;44,9;149,54;146,72;115,10;171,90;115,10;146,1;146,72;146,1
4.8.2026;70;17:15 - 17:30;2527,7;425,2;25,6;66,9;-41,3;211,07;231,94;155,79;325,70;202,02;92,5;231,94;92,5
4.8.2026;71;17:30 - 17:45;1102,4;1703,6;102,2;73,5;28,7;213,61;218,30;176,83;261,60;191,20;175,7;218,30;175,7
4.8.2026;72;17:45 - 18:00;10293,1;384,1;34,4;68,8;-34,4;238,91;247,20;198,00;440,00;275,01;103,2;247,20;103,2
4.8.2026;73;18:00 - 18:15;225,3;1514,3;43,9;61,2;-17,3;192,47;193,60;171,85;222,92;178,40;105,1;193,60;105,1
4.8.2026;74;18:15 - 18:30;5592,8;64,6;42,9;27,5;15,4;225,93;229,06;185,10;243,78;206,39;70,4;229,06;70,4
4.8.2026;75;18:30 - 18:45;188,8;299,4;55,1;53,4;1,7;226,66;223,27;179,71;263,72;212,00;108,5;223,27;108,5
4.8.2026;76;18:45 - 19:00;4306,4;243,2;51,9;75,0;-23,1;248,86;250,83;211,84;324,11;227,25;126,9;250,83;126,9
4.8.2026;77;19:00 - 19:15;227,6;7539,5;53,2;60,1;-6,9;230,48;223,20;189,00;296,46;218,82;113,3;223,20;113,3
4.8.2026;78;19:15 - 19:30;357,6;6198,4;65,0;63,6;1,4;257,42;248,09;219,70;381,11;250,91;128,6;248,09;128,6
4.8.2026;79;19:30 - 19:45;251,0;1373,7;61,3;37,1;24,2;264,19;267,33;228,15;409,60;283,02;98,4;267,33;98,4
4.8.2026;80;19:45 - 20:00;339,7;2207,6;64,7;89,2;-24,5;334,97;341,88;250,36;460,00;345,08;153,9;341,88;153,9
4.8.2026;81;20:00 - 20:15;316,4;909,0;36,7;70,7;-34,0;291,74;292,07;240,91;369,42;303,77;107,4;292,07;107,4
4.8.2026;82;20:15 - 20:30;191,3;317,3;43,9;82,9;-39,0;267,86;273,45;227,90;340,16;284,75;126,8;273,45;126,8
4.8.2026;83;20:30 - 20:45;179,8;308,1;36,4;69,4;-33,0;263,61;263,95;229,76;302,86;258,92;105,8;263,95;105,8
4.8.2026;84;20:45 - 21:00;172,3;171,1;27,7;68,0;-40,3;254,77;254,66;227,41;346,99;244,64;95,7;254,66;95,7
4.8.2026;85;21:00 - 21:15;152,5;125,0;17,9;18,3;-0,4;244,78;242,61;220,82;342,33;237,30;36,2;242,61;36,2
4.8.2026;86;21:15 - 21:30;100,2;74,0;4,4;8,6;-4,2;221,60;212,97;199,96;292,20;228,73;13,0;212,97;13,0
4.8.2026;87;21:30 - 21:45;137,6;92,6;13,5;1,1;12,4;224,20;221,07;194,14;245,74;224,44;14,6;221,07;14,6
4.8.2026;88;21:45 - 22:00;153,8;114,2;4,9;15,1;-10,2;202,09;205,24;182,52;234,99;199,69;20,0;205,24;20,0
4.8.2026;89;22:00 - 22:15;582,3;615,7;24,8;37,1;-12,3;224,67;227,57;199,50;280,93;260,00;61,9;227,57;61,9
4.8.2026;90;22:15 - 22:30;690,1;572,6;57,4;69,3;-11,9;221,00;223,49;190,83;264,96;264,96;126,7;223,49;126,7
4.8.2026;91;22:30 - 22:45;25076,8;3575,2;52,0;87,7;-35,7;223,81;229,09;190,00;285,90;190,01;139,7;229,09;139,7
4.8.2026;92;22:45 - 23:00;277,6;20595,7;48,7;113,2;-64,5;222,61;226,46;159,00;266,77;266,77;161,9;226,46;161,9
4.8.2026;93;23:00 - 23:15;975,6;663,1;89,6;73,3;16,3;222,12;222,66;170,48;262,23;212,75;162,9;222,66;162,9
4.8.2026;94;23:15 - 23:30;3520,2;296,5;56,8;32,4;24,4;217,40;219,20;193,07;241,56;219,47;89,2;219,20;89,2
4.8.2026;95;23:30 - 23:45;7585,7;268,8;43,7;49,9;-6,2;215,26;228,83;120,80;308,73;120,80;93,6;228,83;93,6
4.8.2026;96;23:45 - 00:00;5771,0;421,3;64,3;73,5;-9,2;199,90;206,01;168,81;298,99;197,03;137,8;206,01;137,8
5.8.2026;1;00:00 - 00:15;5970,1;114,6;0,4;8,4;-8,0;300,32;335,52;250,01;343,42;250,01;8,8;335,52;8,8
5.8.2026;2;00:15 - 00:30;8317,3;79,2;8,4;9,7;-1,3;307,68;320,15;277,20;339,99;339,99;18,1;320,15;18,1
5.8.2026;3;00:30 - 00:45;765,0;61,6;8,0;7,4;0,6;269,22;272,14;251,20;289,47;251,20;15,4;272,14;15,4
5.8.2026;4;00:45 - 01:00;10553,7;121,6;6,1;3,8;2,3;259,18;260,54;173,31;301,73;261,60;9,9;260,54;9,9
5.8.2026;5;01:00 - 01:15;1500,5;110,9;20,4;14,4;6,0;239,99;238,76;199,89;258,35;199,90;34,8;238,76;34,8
5.8.2026;6;01:15 - 01:30;1669,3;137,6;27,2;19,7;7,5;224,06;226,04;184,83;250,41;230,00;46,9;226,04;46,9
5.8.2026;7;01:30 - 01:45;2205,9;124,8;9,9;15,2;-5,3;249,11;252,83;192,89;332,86;193,00;25,1;252,83;25,1
5.8.2026;8;01:45 - 02:00;174,8;364,9;17,6;31,5;-13,9;245,40;245,89;200,00;333,70;200,00;49,1;245,89;49,1
5.8.2026;9;02:00 - 02:15;15738,9;143,3;6,1;4,0;2,1;281,57;263,03;208,74;337,40;289,97;10,1;263,03;10,1
5.8.2026;10;02:15 - 02:30;5077,8;178,3;4,6;0,1;4,5;209,24;198,87;190,00;252,40;252,40;4,7;198,87;4,7
5.8.2026;11;02:30 - 02:45;15020,9;355,6;25,2;10,0;15,2;191,81;197,90;168,80;210,52;205,00;35,2;197,90;35,2
5.8.2026;12;02:45 - 03:00;12734,4;241,1;35,2;17,4;17,8;232,65;203,79;166,97;330,18;201,10;52,6;203,79;52,6
5.8.2026;13;03:00 - 03:15;5010,2;291,1;30,6;32,9;-2,3;196,55;193,78;170,50;214,10;193,00;63,5;193,78;63,5
5.8.2026;14;03:15 - 03:30;8808,0;1657,8;31,3;55,2;-23,9;195,66;193,92;169,75;238,70;180,00;86,5;193,92;86,5
5.8.2026;15;03:30 - 03:45;5541,9;194,0;16,3;22,3;-6,0;187,17;185,84;168,27;259,94;168,27;38,6;185,84;38,6
5.8.2026;16;03:45 - 04:00;10933,8;3328,4;28,6;28,7;-0,1;188,30;193,52;160,12;225,50;168,86;57,3;193,52;57,3
5.8.2026;17;04:00 - 04:15;823,2;792,9;51,0;17,9;33,1;169,49;168,27;153,90;187,22;155,26;68,9;168,27;68,9
5.8.2026;18;04:15 - 04:30;171,7;150,5;52,0;8,1;43,9;180,96;181,92;160,00;206,13;160,00;60,1;181,92;60,1
5.8.2026;19;04:30 - 04:45;3530,5;214,3;58,1;20,6;37,5;179,54;176,20;157,17;200,00;158,99;78,7;176,20;78,7
5.8.2026;20;04:45 - 05:00;2584,7;138,8;60,1;19,1;41,0;188,78;191,87;160,35;206,02;196,66;79,2;191,87;79,2
5.8.2026;21;05:00 - 05:15;1392,3;196,2;46,4;44,5;1,9;391,30;411,39;154,72;699,98;245,10;90,9;411,39;90,9
5.8.2026;22;05:15 - 05:30;13228,7;187,1;49,4;47,3;2,1;407,36;429,87;159,72;699,98;245,00;96,7;429,87;96,7
5.8.2026;23;05:30 - 05:45;12893,8;240,8;60,7;39,5;21,2;299,81;341,81;152,52;600,00;225,10;100,2;341,81;100,2
5.8.2026;24;05:45 - 06:00;47034,2;983,1;89,7;34,5;55,2;258,57;262,66;166,56;600,00;199,99;124,2;262,66;124,2
5.8.2026;25;06:00 - 06:15;203,5;215,1;50,0;51,5;-1,5;200,12;202,06;183,77;214,89;186,14;101,5;202,06;101,5
5.8.2026;26;06:15 - 06:30;218,7;831,8;52,9;60,4;-7,5;198,89;200,60;171,35;236,11;190,52;113,3;200,60;113,3
5.8.2026;27;06:30 - 06:45;156,3;786,8;35,0;59,4;-24,4;198,38;199,43;181,62;233,69;184,00;94,4;199,43;94,4
5.8.2026;28;06:45 - 07:00;160,0;694,4;34,5;63,5;-29,0;191,58;191,45;156,27;232,00;190,12;98,0;191,45;98,0
5.8.2026;29;07:00 - 07:15;261,4;232,2;16,9;28,3;-11,4;200,30;197,04;163,84;223,30;193,61;45,2;197,04;45,2
5.8.2026;30;07:15 - 07:30;226,2;206,4;24,3;62,2;-37,9;184,93;184,68;161,99;217,89;189,68;86,5;184,68;86,5
5.8.2026;31;07:30 - 07:45;168,9;200,7;10,2;56,2;-46,0;172,25;171,63;147,54;186,58;173,29;66,4;171,63;66,4
5.8.2026;32;07:45 - 08:00;25932,2;21835,7;20,8;70,3;-49,5;156,62;156,95;131,10;171,17;169,70;91,1;156,95;91,1
5.8.2026;33;08:00 - 08:15;15141,2;9411,3;22,3;40,6;-18,3;173,94;181,38;100,21;195,27;100,21;62,9;181,38;62,9
5.8.2026;34;08:15 - 08:30;212,1;6086,0;18,6;51,9;-33,3;169,98;172,89;122,69;183,74;122,69;70,5;172,89;70,5
5.8.2026;35;08:30 - 08:45;27424,1;13813,6;13,6;120,6;-107,0;165,59;165,65;124,50;178,08;171,70;134,2;165,65;134,2
5.8.2026;36;08:45 - 09:00;5661,5;5988,3;24,1;159,4;-135,3;141,65;145,24;107,15;158,88;154,53;183,5;145,24;183,5
5.8.2026;37;09:00 - 09:15;723,0;782,6;47,7;252,5;-204,8;157,13;158,06;134,81;166,00;163,60;300,2;158,06;300,2
5.8.2026;38;09:15 - 09:30;2988,3;3271,5;24,6;79,9;-55,3;130,82;131,55;109,53;145,27;129,88;104,5;131,55;104,5
5.8.2026;39;09:30 - 09:45;4641,1;17551,9;44,1;70,0;-25,9;117,17;120,19;88,84;137,37;126,00;114,1;120,19;114,1
5.8.2026;40;09:45 - 10:00;2553,2;2008,7;67,9;75,1;-7,2;88,63;89,70;66,43;105,33;97,19;143,0;89,70;143,0
5.8.2026;41;10:00 - 10:15;12247,7;1332,6;63,6;80,0;-16,4;96,64;96,67;77,02;118,99;118,99;143,6;96,67;143,6
5.8.2026;42;10:15 - 10:30;1119,7;914,7;78,7;80,8;-2,1;82,38;79,98;62,71;96,90;89,08;159,5;79,98;159,5
5.8.2026;43;10:30 - 10:45;7667,8;1275,7;56,9;70,4;-13,5;80,39;80,81;53,48;90,33;90,33;127,3;80,81;127,3
5.8.2026;44;10:45 - 11:00;1532,6;2232,3;104,2;130,7;-26,5;78,64;77,92;43,25;94,60;85,00;234,9;77,92;234,9
5.8.2026;45;11:00 - 11:15;3707,4;4807,8;40,9;78,3;-37,4;82,14;83,96;12,83;95,62;93,21;119,2;83,96;119,2
5.8.2026;46;11:15 - 11:30;630,9;1395,3;47,9;50,9;-3,0;82,15;83,37;37,76;97,00;86,46;98,8;83,37;98,8
5.8.2026;47;11:30 - 11:45;1108,0;804,0;52,6;36,4;16,2;82,17;82,31;73,38;94,07;80,70;89,0;82,31;89,0
5.8.2026;48;11:45 - 12:00;2364,3;958,8;79,1;66,8;12,3;79,95;80,59;66,77;92,05;82,00;145,9;80,59;145,9
5.8.2026;49;12:00 - 12:15;1016,9;1282,4;48,2;51,8;-3,6;78,92;78,61;70,10;87,60;70,91;100,0;78,61;100,0
5.8.2026;50;12:15 - 12:30;1548,5;702,5;41,2;41,1;0,1;77,96;77,89;68,60;85,65;78,00;82,3;77,89;82,3
5.8.2026;51;12:30 - 12:45;899,8;653,2;50,3;56,7;-6,4;78,37;78,81;64,63;84,44;80,00;107,0;78,81;107,0
5.8.2026;52;12:45 - 13:00;1308,1;2637,8;117,2;99,8;17,4;79,95;80,24;69,47;86,05;85,95;217,0;80,24;217,0
5.8.2026;53;13:00 - 13:15;923,2;1210,2;90,4;114,3;-23,9;76,40;77,98;4,50;88,73;70,26;204,7;77,98;204,7
5.8.2026;54;13:15 - 13:30;3961,6;4705,5;75,0;103,8;-28,8;77,91;78,29;35,58;85,38;68,00;178,8;78,29;178,8
5.8.2026;55;13:30 - 13:45;17620,6;2163,6;75,0;112,1;-37,1;76,27;77,21;34,35;85,64;85,29;187,1;77,21;187,1
5.8.2026;56;13:45 - 14:00;1168,7;16982,7;93,3;144,3;-51,0;79,65;81,15;68,05;99,36;78,24;237,6;81,15;237,6
5.8.2026;57;14:00 - 14:15;872,5;3459,1;29,5;128,2;-98,7;84,50;84,46;58,94;109,95;90,00;157,7;84,46;157,7
5.8.2026;58;14:15 - 14:30;1210,8;2403,4;65,5;117,4;-51,9;82,98;81,64;1,50;110,30;110,30;182,9;81,64;182,9
5.8.2026;59;14:30 - 14:45;1315,2;1875,4;77,2;129,4;-52,2;80,81;81,83;1,20;104,74;69,77;206,6;81,83;206,6
5.8.2026;60;14:45 - 15:00;986,8;9142,9;76,5;104,4;-27,9;81,31;83,23;6,30;99,00;73,19;180,9;83,23;180,9
5.8.2026;61;15:00 - 15:15;1911,8;3349,9;96,2;114,1;-17,9;78,83;77,62;1,28;97,30;40,10;210,3;77,62;210,3
5.8.2026;62;15:15 - 15:30;1338,1;1216,4;43,4;49,4;-6,0;83,05;79,55;65,00;96,22;65,00;92,8;79,55;92,8
5.8.2026;63;15:30 - 15:45;3976,2;1415,6;38,3;57,5;-19,2;107,32;110,50;47,44;125,32;121,01;95,8;110,50;95,8
5.8.2026;64;15:45 - 16:00;1548,2;1941,3;57,5;68,3;-10,8;134,78;135,94;126,00;151,90;140,44;125,8;135,94;125,8
5.8.2026;65;16:00 - 16:15;1344,9;1901,4;108,0;138,1;-30,1;94,03;91,80;18,90;180,99;45,00;246,1;91,80;246,1
5.8.2026;66;16:15 - 16:30;472,8;518,3;64,6;114,0;-49,4;128,14;129,32;56,96;169,99;169,99;178,6;129,32;178,6
5.8.2026;67;16:30 - 16:45;3712,4;511,2;44,6;97,9;-53,3;143,91;145,03;124,34;171,12;142,00;142,5;145,03;142,5
5.8.2026;68;16:45 - 17:00;626,2;423,6;68,1;64,1;4,0;167,77;172,60;40,48;198,31;198,31;132,2;172,60;132,2
5.8.2026;69;17:00 - 17:15;475,5;2043,1;79,2;73,1;6,1;169,78;168,94;110,00;208,64;150,00;152,3;168,94;152,3
5.8.2026;70;17:15 - 17:30;4831,9;454,7;54,7;43,1;11,6;200,22;204,72;47,54;245,30;206,22;97,8;204,72;97,8
5.8.2026;71;17:30 - 17:45;910,4;905,8;76,0;52,5;23,5;294,19;295,94;229,44;387,66;320,00;128,5;295,94;128,5
5.8.2026;72;17:45 - 18:00;2115,3;194,8;63,7;43,7;20,0;270,41;273,91;234,97;646,00;310,00;107,4;273,91;107,4
5.8.2026;73;18:00 - 18:15;411,6;186,5;70,3;53,8;16,5;234,74;232,19;183,40;263,49;248,00;124,1;232,19;124,1
5.8.2026;74;18:15 - 18:30;450,3;307,3;126,0;60,1;65,9;258,86;259,35;124,90;285,18;278,99;186,1;259,35;186,1
5.8.2026;75;18:30 - 18:45;1314,5;307,3;80,0;68,9;11,1;319,86;324,81;248,16;410,83;357,98;148,9;324,81;148,9
5.8.2026;76;18:45 - 19:00;908,8;389,4;116,0;102,3;13,7;404,44;419,69;299,89;749,99;749,99;218,3;419,69;218,3
5.8.2026;77;19:00 - 19:15;8244,6;1171,3;85,7;89,9;-4,2;344,62;380,13;251,28;999,99;997,99;175,6;380,13;175,6
5.8.2026;78;19:15 - 19:30;789,6;410,5;77,5;86,4;-8,9;400,50;478,65;250,00;1038,45;1038,45;163,9;478,65;163,9
5.8.2026;79;19:30 - 19:45;10366,3;465,2;75,6;104,6;-29,0;502,24;629,04;267,00;1099,99;1000,00;180,2;629,04;180,2
5.8.2026;80;19:45 - 20:00;813,2;671,4;153,3;182,4;-29,1;508,50;584,94;287,11;1099,99;913,65;335,7;584,94;335,7
5.8.2026;81;20:00 - 20:15;13279,0;405,4;44,7;84,0;-39,3;553,27;596,07;288,39;1044,99;1044,98;128,7;596,07;128,7
5.8.2026;82;20:15 - 20:30;507,6;326,0;27,4;73,1;-45,7;485,66;542,14;299,70;1169,99;998,47;100,5;542,14;100,5
5.8.2026;83;20:30 - 20:45;531,1;304,4;38,8;62,7;-23,9;480,19;518,63;276,05;1030,99;830,52;101,5;518,63;101,5
5.8.2026;84;20:45 - 21:00;427,2;392,4;57,0;84,3;-27,3;512,59;574,13;256,90;1000,50;825,00;141,3;574,13;141,3
5.8.2026;85;21:00 - 21:15;1046,1;266,9;47,7;55,3;-7,6;429,56;421,77;266,37;829,99;462,20;103,0;421,77;103,0
5.8.2026;86;21:15 - 21:30;670,4;251,2;58,4;80,4;-22,0;424,33;450,31;289,50;899,99;400,01;138,8;450,31;138,8
5.8.2026;87;21:30 - 21:45;2308,4;914,0;166,7;60,4;106,3;364,31;315,16;200,01;799,99;231,10;227,1;315,16;227,1
5.8.2026;88;21:45 - 22:00;535,9;418,2;132,8;54,4;78,4;272,23;275,37;214,84;477,90;240,01;187,2;275,37;187,2
5.8.2026;89;22:00 - 22:15;6506,3;400,0;110,9;138,3;-27,4;358,69;363,69;225,10;640,88;599,99;249,2;363,69;249,2
5.8.2026;90;22:15 - 22:30;534,4;340,7;104,2;85,6;18,6;310,18;311,47;194,40;499,99;399,99;189,8;311,47;189,8
5.8.2026;91;22:30 - 22:45;9317,4;288,0;119,1;65,1;54,0;256,05;259,83;177,00;309,91;300,00;184,2;259,83;184,2
5.8.2026;92;22:45 - 23:00;1379,9;6588,8;143,3;75,3;68,0;255,68;257,90;159,80;295,86;237,47;218,6;257,90;218,6
5.8.2026;93;23:00 - 23:15;35551,4;9674,9;106,0;42,9;63,1;257,25;255,99;219,72;320,02;263,01;148,9;255,99;148,9
5.8.2026;94;23:15 - 23:30;473,2;3901,5;111,7;39,3;72,4;224,68;225,18;173,48;278,58;225,00;151,0;225,18;151,0
5.8.2026;95;23:30 - 23:45;16518,5;274,4;79,8;19,2;60,6;242,16;232,90;166,79;349,99;349,99;99,0;232,90;99,0
5.8.2026;96;23:45 - 00:00;2015,5;394,5;111,0;32,2;78,8;198,42;196,08;171,36;254,81;199,23;143,2;196,08;143,2
6.8.2026;1;00:00 - 00:15;189,0;76,5;18,8;8,2;10,6;236,44;234,23;211,10;266,86;228,14;27,0;234,23;27,0
6.8.2026;2;00:15 - 00:30;122,6;103,3;1,1;10,6;-9,5;205,88;202,01;200,76;231,86;201,63;11,7;202,01;11,7
6.8.2026;3;00:30 - 00:45;146,5;127,4;4,1;16,2;-12,1;197,22;190,28;165,51;218,71;190,90;20,3;190,28;20,3
6.8.2026;4;00:45 - 01:00;107,2;137,2;17,2;44,2;-27,0;181,54;180,41;159,77;214,21;179,00;61,4;180,41;61,4
6.8.2026;5;01:00 - 01:15;59,0;88,7;5,0;20,8;-15,8;178,89;179,39;173,15;185,98;179,02;25,8;179,39;25,8
6.8.2026;6;01:15 - 01:30;51,5;95,6;1,8;35,4;-33,6;178,68;176,35;170,66;188,77;170,66;37,2;176,35;37,2
6.8.2026;7;01:30 - 01:45;64,8;94,9;0,0;26,1;-26,1;166,45;166,40;162,39;176,12;163,92;26,1;166,40;26,1
6.8.2026;8;01:45 - 02:00;47,8;79,8;0,0;26,5;-26,5;160,74;161,91;157,78;166,62;157,78;26,5;161,91;26,5
6.8.2026;9;02:00 - 02:15;64,1;70,3;2,1;17,4;-15,3;177,56;176,62;173,14;183,78;176,33;19,5;176,62;19,5
6.8.2026;10;02:15 - 02:30;74,5;95,4;0,8;23,5;-22,7;174,97;179,09;165,46;183,80;180,90;24,3;179,09;24,3
6.8.2026;11;02:30 - 02:45;64,0;329,7;3,1;33,0;-29,9;175,80;176,23;163,63;179,89;174,05;36,1;176,23;36,1
6.8.2026;12;02:45 - 03:00;70,3;155,5;5,5;31,6;-26,1;170,08;169,27;161,35;175,98;169,61;37,1;169,27;37,1
6.8.2026;13;03:00 - 03:15;149,1;104,1;4,2;24,1;-19,9;170,21;171,73;157,01;179,00;173,69;28,3;171,73;28,3
6.8.2026;14;03:15 - 03:30;127,5;117,1;6,4;19,6;-13,2;164,57;165,52;153,20;178,00;158,42;26,0;165,52;26,0
6.8.2026;15;03:30 - 03:45;112,0;123,4;1,7;13,4;-11,7;158,55;158,37;151,93;171,89;151,93;15,1;158,37;15,1
6.8.2026;16;03:45 - 04:00;119,6;104,2;0,3;8,0;-7,7;157,21;155,08;151,52;163,14;151,52;8,3;155,08;8,3
6.8.2026;17;04:00 - 04:15;107,2;119,1;2,5;26,0;-23,5;165,93;166,43;161,23;174,08;165,82;28,5;166,43;28,5
6.8.2026;18;04:15 - 04:30;102,1;85,5;4,7;24,0;-19,3;166,13;166,57;160,12;174,85;171,15;28,7;166,57;28,7
6.8.2026;19;04:30 - 04:45;127,7;99,0;2,9;21,9;-19,0;166,65;168,43;161,81;176,95;166,24;24,8;168,43;24,8
6.8.2026;20;04:45 - 05:00;82,5;77,7;0,5;15,7;-15,2;167,20;167,44;165,48;169,91;166,00;16,2;167,44;16,2
6.8.2026;21;05:00 - 05:15;109,4;124,9;3,0;21,5;-18,5;166,55;163,75;155,12;181,00;155,12;24,5;163,75;24,5
6.8.2026;22;05:15 - 05:30;147,8;126,7;3,6;17,2;-13,6;168,84;165,79;161,95;179,00;162,61;20,8;165,79;20,8
6.8.2026;23;05:30 - 05:45;131,7;162,5;5,9;23,1;-17,2;173,76;173,91;166,19;189,83;166,80;29,0;173,91;29,0
6.8.2026;24;05:45 - 06:00;157,2;116,5;4,9;14,6;-9,7;191,08;186,75;179,40;212,00;180,93;19,5;186,75;19,5
6.8.2026;25;06:00 - 06:15;243,1;135,5;6,3;31,5;-25,2;187,58;179,81;171,84;208,34;171,98;37,8;179,81;37,8
6.8.2026;26;06:15 - 06:30;109,4;168,7;11,5;19,4;-7,9;188,38;189,68;180,74;205,14;185,30;30,9;189,68;30,9
6.8.2026;27;06:30 - 06:45;212,4;80,9;13,9;12,4;1,5;187,99;187,72;175,25;208,00;184,10;26,3;187,72;26,3
6.8.2026;28;06:45 - 07:00;162,4;136,4;7,6;18,5;-10,9;182,33;179,86;174,71;198,40;183,07;26,1;179,86;26,1
6.8.2026;29;07:00 - 07:15;7179,9;133,2;10,8;32,1;-21,3;193,07;194,44;182,21;201,17;195,45;42,9;194,44;42,9
6.8.2026;30;07:15 - 07:30;19305,8;197,2;16,4;35,4;-19,0;181,49;180,43;174,53;191,46;176,00;51,8;180,43;51,8
6.8.2026;31;07:30 - 07:45;14778,8;12559,7;12,2;41,0;-28,8;170,44;170,09;164,00;177,99;167,95;53,2;170,09;53,2
6.8.2026;32;07:45 - 08:00;15186,2;5345,3;6,2;43,5;-37,3;156,39;157,48;146,97;163,90;160,94;49,7;157,48;49,7
6.8.2026;33;08:00 - 08:15;11817,7;686,8;9,1;18,6;-9,5;179,16;177,61;164,76;194,37;174,47;27,7;177,61;27,7
6.8.2026;34;08:15 - 08:30;18721,5;2694,1;4,6;26,2;-21,6;155,24;143,22;111,00;177,38;111,00;30,8;143,22;30,8
6.8.2026;35;08:30 - 08:45;22269,2;3669,5;14,0;22,9;-8,9;138,59;140,53;122,92;167,94;126,00;36,9;140,53;36,9
6.8.2026;36;08:45 - 09:00;7479,8;553,3;47,9;74,8;-26,9;124,04;124,02;113,20;145,67;115,00;122,7;124,02;122,7
6.8.2026;37;09:00 - 09:15;15656,6;1242,6;83,4;102,1;-18,7;149,21;148,08;120,60;173,00;135,10;185,5;148,08;185,5
6.8.2026;38;09:15 - 09:30;2560,4;10025,2;59,3;57,1;2,2;122,31;122,86;101,13;142,50;101,13;116,4;122,86;116,4
6.8.2026;39;09:30 - 09:45;23370,5;11611,0;57,2;112,0;-54,8;125,60;126,76;103,23;137,99;120,02;169,2;126,76;169,2
6.8.2026;40;09:45 - 10:00;1329,7;7579,8;69,4;96,8;-27,4;124,67;124,97;114,10;135,62;119,68;166,2;124,97;166,2
6.8.2026;41;10:00 - 10:15;4015,4;1201,6;282,9;107,2;175,7;133,84;132,72;116,02;141,59;134,46;390,1;132,72;390,1
6.8.2026;42;10:15 - 10:30;18112,8;1006,4;303,3;106,9;196,4;133,41;133,75;117,15;144,09;140,33;410,2;133,75;410,2
6.8.2026;43;10:30 - 10:45;9411,9;758,8;65,4;67,3;-1,9;131,67;131,45;116,88;167,89;151,09;132,7;131,45;132,7
6.8.2026;44;10:45 - 11:00;4852,8;584,6;76,2;75,8;0,4;132,75;132,77;116,37;162,52;151,10;152,0;132,77;152,0
6.8.2026;45;11:00 - 11:15;1328,4;719,2;79,4;118,0;-38,6;134,74;136,09;66,40;162,61;66,40;197,4;136,09;197,4
6.8.2026;46;11:15 - 11:30;12132,6;603,2;81,4;103,4;-22,0;135,69;136,94;110,00;158,73;146,32;184,8;136,94;184,8
6.8.2026;47;11:30 - 11:45;8536,1;959,0;138,3;140,0;-1,7;137,55;139,09;96,15;158,00;125,95;278,3;139,09;278,3
6.8.2026;48;11:45 - 12:00;23493,2;1051,4;107,1;137,8;-30,7;134,82;137,36;85,85;198,99;198,99;244,9;137,36;244,9
6.8.2026;49;12:00 - 12:15;28763,8;663,7;95,7;107,5;-11,8;126,19;128,59;85,30;146,26;85,30;203,2;128,59;203,2
6.8.2026;50;12:15 - 12:30;14065,0;533,5;65,9;107,1;-41,2;135,13;139,94;73,27;198,99;198,99;173,0;139,94;173,0
6.8.2026;51;12:30 - 12:45;773,9;897,8;82,3;57,3;25,0;132,14;133,31;116,41;152,01;152,01;139,6;133,31;139,6
6.8.2026;52;12:45 - 13:00;6500,1;1004,3;96,4;83,7;12,7;137,03;136,81;95,67;164,00;138,22;180,1;136,81;180,1
6.8.2026;53;13:00 - 13:15;26721,3;820,2;141,8;51,3;90,5;133,27;132,61;118,11;165,86;165,00;193,1;132,61;193,1
6.8.2026;54;13:15 - 13:30;20121,1;821,1;82,0;55,6;26,4;145,90;149,46;118,82;212,00;175,00;137,6;149,46;137,6
6.8.2026;55;13:30 - 13:45;1011,7;992,7;95,9;119,3;-23,4;153,18;154,47;115,10;199,00;115,10;215,2;154,47;215,2
6.8.2026;56;13:45 - 14:00;678,4;1236,9;83,6;147,2;-63,6;165,94;169,90;121,76;208,74;163,12;230,8;169,90;230,8
6.8.2026;57;14:00 - 14:15;9693,3;1311,3;141,2;125,9;15,3;165,19;162,73;122,46;199,00;160,00;267,1;162,73;267,1
6.8.2026;58;14:15 - 14:30;13720,3;1415,9;399,4;201,4;198,0;155,85;156,77;110,01;200,50;110,01;600,8;156,77;600,8
6.8.2026;59;14:30 - 14:45;2005,6;1642,2;145,1;144,2;0,9;166,47;165,77;127,47;198,88;182,00;289,3;165,77;289,3
6.8.2026;60;14:45 - 15:00;1267,4;1647,3;134,3;153,9;-19,6;175,08;171,67;139,92;254,70;238,85;288,2;171,67;288,2
6.8.2026;61;15:00 - 15:15;1246,5;591,7;77,1;128,6;-51,5;160,46;166,53;117,47;226,41;226,41;205,7;166,53;205,7
6.8.2026;62;15:15 - 15:30;693,6;1197,6;75,9;102,2;-26,3;174,04;179,51;114,58;210,44;202,43;178,1;179,51;178,1
6.8.2026;63;15:30 - 15:45;2293,8;778,1;118,4;112,7;5,7;192,98;192,88;150,89;294,01;293,34;231,1;192,88;231,1
6.8.2026;64;15:45 - 16:00;772,5;762,7;62,9;100,8;-37,9;224,94;235,64;168,04;330,00;260,91;163,7;235,64;163,7
6.8.2026;65;16:00 - 16:15;528,1;373,7;90,7;88,9;1,8;181,79;182,77;140,95;226,93;185,00;179,6;182,77;179,6
6.8.2026;66;16:15 - 16:30;786,6;362,7;123,8;83,7;40,1;192,55;190,49;156,20;234,80;159,30;207,5;190,49;207,5
6.8.2026;67;16:30 - 16:45;581,7;754,4;153,7;144,6;9,1;231,43;234,52;184,07;289,98;280,89;298,3;234,52;298,3
6.8.2026;68;16:45 - 17:00;884,3;849,8;99,7;136,6;-36,9;319,44;307,39;250,11;519,60;260,00;236,3;307,39;236,3
6.8.2026;69;17:00 - 17:15;950,3;307,0;69,9;69,8;0,1;220,20;218,00;184,08;260,47;204,98;139,7;218,00;139,7
6.8.2026;70;17:15 - 17:30;485,7;429,7;63,2;87,3;-24,1;243,86;241,27;187,53;272,28;187,53;150,5;241,27;150,5
6.8.2026;71;17:30 - 17:45;609,5;690,6;90,9;141,6;-50,7;251,55;248,15;197,49;279,60;221,15;232,5;248,15;232,5
6.8.2026;72;17:45 - 18:00;607,7;575,3;78,4;179,3;-100,9;289,76;282,72;232,79;389,65;284,05;257,7;282,72;257,7
6.8.2026;73;18:00 - 18:15;499,5;505,5;73,9;43,8;30,1;182,36;188,60;90,52;260,09;122,69;117,7;188,60;117,7
6.8.2026;74;18:15 - 18:30;597,6;19196,3;115,6;93,5;22,1;242,07;228,59;105,01;379,20;105,01;209,1;228,59;209,1
6.8.2026;75;18:30 - 18:45;696,9;437,9;99,5;44,9;54,6;233,29;232,07;124,13;444,98;142,09;144,4;232,07;144,4
6.8.2026;76;18:45 - 19:00;948,4;2149,1;116,2;131,8;-15,6;264,50;259,54;148,50;562,35;152,20;248,0;259,54;248,0
6.8.2026;77;19:00 - 19:15;28072,7;2110,0;62,2;37,5;24,7;202,46;186,41;123,36;333,86;129,00;99,7;186,41;99,7
6.8.2026;78;19:15 - 19:30;6575,1;1118,7;88,9;115,6;-26,7;211,53;195,18;137,29;382,40;140,59;204,5;195,18;204,5
6.8.2026;79;19:30 - 19:45;2572,4;961,9;57,8;83,7;-25,9;240,81;217,53;143,53;498,42;156,37;141,5;217,53;141,5
6.8.2026;80;19:45 - 20:00;1306,5;2105,6;102,2;142,2;-40,0;254,71;242,33;142,60;482,96;152,00;244,4;242,33;244,4
6.8.2026;81;20:00 - 20:15;365,0;8681,3;106,4;165,5;-59,1;285,52;270,39;120,19;505,00;125,01;271,9;270,39;271,9
6.8.2026;82;20:15 - 20:30;912,3;4212,9;43,7;190,5;-146,8;264,37;231,58;156,82;451,34;202,80;234,2;231,58;234,2
6.8.2026;83;20:30 - 20:45;514,8;9344,7;76,4;132,4;-56,0;297,77;282,49;164,65;497,80;226,76;208,8;282,49;208,8
6.8.2026;84;20:45 - 21:00;447,0;3128,4;74,3;106,1;-31,8;288,90;244,96;168,65;447,61;177,15;180,4;244,96;180,4
6.8.2026;85;21:00 - 21:15;732,4;1885,3;45,5;133,7;-88,2;255,42;250,49;105,60;504,85;105,60;179,2;250,49;179,2
6.8.2026;86;21:15 - 21:30;371,3;884,2;56,8;131,8;-75,0;248,68;230,17;174,79;429,58;309,00;188,6;230,17;188,6
6.8.2026;87;21:30 - 21:45;308,8;2104,5;36,4;117,5;-81,1;225,54;223,43;166,05;331,91;245,70;153,9;223,43;153,9
6.8.2026;88;21:45 - 22:00;222,6;1357,2;31,8;109,9;-78,1;195,61;198,23;167,30;260,82;184,42;141,7;198,23;141,7
6.8.2026;89;22:00 - 22:15;452,0;10243,6;27,7;80,9;-53,2;226,09;217,01;186,30;287,92;287,92;108,6;217,01;108,6
6.8.2026;90;22:15 - 22:30;5503,0;2386,7;17,1;63,4;-46,3;201,73;191,60;169,39;299,99;299,99;80,5;191,60;80,5
6.8.2026;91;22:30 - 22:45;8512,6;2444,2;42,5;223,7;-181,2;183,67;181,76;170,00;265,00;173,10;266,2;181,76;266,2
6.8.2026;92;22:45 - 23:00;46612,5;936,9;45,2;211,3;-166,1;176,37;177,17;158,30;257,14;165,00;256,5;177,17;256,5
6.8.2026;93;23:00 - 23:15;5679,3;2911,5;68,2;80,9;-12,7;181,40;168,03;93,05;312,87;149,49;149,1;168,03;149,1
6.8.2026;94;23:15 - 23:30;4811,2;3814,4;58,3;51,8;6,5;168,15;164,39;133,77;243,01;133,77;110,1;164,39;110,1
6.8.2026;95;23:30 - 23:45;498,0;511,2;51,7;83,8;-32,1;201,59;201,79;157,43;272,00;168,66;135,5;201,79;135,5
6.8.2026;96;23:45 - 00:00;11862,6;1324,6;53,9;61,6;-7,7;171,23;168,87;147,92;212,56;147,92;115,5;168,87;115,5
7.8.2026;1;00:00 - 00:15;575,6;183,2;30,5;22,6;7,9;196,21;196,45;156,00;251,54;249,42;53,1;196,45;53,1
7.8.2026;2;00:15 - 00:30;130,9;581,3;11,7;10,1;1,6;189,38;185,33;151,60;224,46;224,46;21,8;185,33;21,8
7.8.2026;3;00:30 - 00:45;1496,4;58,4;23,2;3,7;19,5;168,57;162,50;150,10;193,11;157,83;26,9;162,50;26,9
7.8.2026;4;00:45 - 01:00;1427,8;85,3;33,6;3,7;29,9;149,62;147,42;140,31;172,07;150,00;37,3;147,42;37,3
7.8.2026;5;01:00 - 01:15;185,8;848,6;63,4;38,4;25,0;175,14;155,90;142,70;335,00;335,00;101,8;155,90;101,8
7.8.2026;6;01:15 - 01:30;6353,5;125,3;14,0;12,6;1,4;141,37;140,36;116,60;156,64;116,60;26,6;140,36;26,6
7.8.2026;7;01:30 - 01:45;108,7;87,9;21,9;11,5;10,4;140,47;136,29;118,40;159,50;127,50;33,4;136,29;33,4
7.8.2026;8;01:45 - 02:00;107,6;127,2;16,2;20,5;-4,3;134,80;132,26;105,21;142,90;130,00;36,7;132,26;36,7
7.8.2026;9;02:00 - 02:15;126,9;96,6;22,9;4,2;18,7;133,79;127,38;111,80;161,14;122,21;27,1;127,38;27,1
7.8.2026;10;02:15 - 02:30;109,5;124,3;10,9;1,4;9,5;131,69;126,16;118,60;153,97;119,99;12,3;126,16;12,3
7.8.2026;11;02:30 - 02:45;100,1;74,0;15,3;5,8;9,5;130,41;127,20;119,56;143,29;120,00;21,1;127,20;21,1
7.8.2026;12;02:45 - 03:00;119,4;64,2;3,5;8,8;-5,3;136,27;129,08;114,33;140,25;114,33;12,3;129,08;12,3
7.8.2026;13;03:00 - 03:15;60,5;239,9;8,1;18,0;-9,9;120,20;120,23;104,95;137,40;104,95;26,1;120,23;26,1
7.8.2026;14;03:15 - 03:30;156,3;136,9;2,9;7,5;-4,6;125,65;124,93;113,24;138,14;118,60;10,4;124,93;10,4
7.8.2026;15;03:30 - 03:45;77,0;89,1;4,2;31,7;-27,5;113,30;117,72;35,00;135,89;35,00;35,9;117,72;35,9
7.8.2026;16;03:45 - 04:00;84,8;135,3;3,8;44,4;-40,6;120,04;122,98;35,00;135,91;35,00;48,2;122,98;48,2
7.8.2026;17;04:00 - 04:15;129,1;148,8;9,2;25,0;-15,8;123,69;125,20;118,82;135,57;128,00;34,2;125,20;34,2
7.8.2026;18;04:15 - 04:30;153,1;117,5;8,0;21,8;-13,8;128,75;128,50;123,41;138,04;134,39;29,8;128,50;29,8
7.8.2026;19;04:30 - 04:45;114,6;107,5;9,2;12,8;-3,6;129,31;130,61;121,59;136,83;133,47;22,0;130,61;22,0
7.8.2026;20;04:45 - 05:00;91,9;126,1;9,1;8,9;0,2;137,11;136,15;119,92;142,95;142,18;18,0;136,15;18,0
7.8.2026;21;05:00 - 05:15;85,1;127,6;12,5;51,8;-39,3;133,58;133,59;127,01;139,45;132,39;64,3;133,59;64,3
7.8.2026;22;05:15 - 05:30;74,1;109,2;4,4;52,2;-47,8;139,06;140,24;128,81;146,99;139,82;56,6;140,24;56,6
7.8.2026;23;05:30 - 05:45;68,8;158,2;9,2;36,6;-27,4;157,30;158,70;143,20;169,85;159,56;45,8;158,70;45,8
7.8.2026;24;05:45 - 06:00;97,6;92,4;16,5;34,3;-17,8;159,66;159,51;147,51;172,03;167,70;50,8;159,51;50,8
7.8.2026;25;06:00 - 06:15;141,6;74,0;3,4;21,5;-18,1;162,32;161,76;150,21;186,94;162,63;24,9;161,76;24,9
7.8.2026;26;06:15 - 06:30;160,1;73,0;1,9;17,8;-15,9;166,82;169,06;151,99;171,73;170,88;19,7;169,06;19,7
7.8.2026;27;06:30 - 06:45;121,7;56,1;2,4;0,8;1,6;160,89;159,25;152,41;168,11;168,11;3,2;159,25;3,2
7.8.2026;28;06:45 - 07:00;117,4;65,8;12,8;1,4;11,4;162,84;161,90;160,37;168,30;161,69;14,2;161,90;14,2
7.8.2026;29;07:00 - 07:15;1371,2;202,0;9,7;30,4;-20,7;169,68;171,78;161,50;173,11;172,10;40,1;171,78;40,1
7.8.2026;30;07:15 - 07:30;2427,3;185,4;0,8;18,4;-17,6;165,43;166,49;159,01;168,76;164,40;19,2;166,49;19,2
7.8.2026;31;07:30 - 07:45;3284,8;2104,3;2,5;17,5;-15,0;161,90;162,25;153,60;165,93;163,73;20,0;162,25;20,0
7.8.2026;32;07:45 - 08:00;4064,5;9478,0;0,7;27,7;-27,0;154,47;156,80;139,47;158,92;156,88;28,4;156,80;28,4
7.8.2026;33;08:00 - 08:15;3052,8;120,6;10,8;6,7;4,1;161,63;161,96;158,32;166,49;160,00;17,5;161,96;17,5
7.8.2026;34;08:15 - 08:30;1172,8;447,8;9,4;18,7;-9,3;155,80;154,35;150,56;165,80;154,14;28,1;154,35;28,1
7.8.2026;35;08:30 - 08:45;15030,1;11879,8;3,1;25,7;-22,6;149,44;149,77;136,48;155,00;152,62;28,8;149,77;28,8
7.8.2026;36;08:45 - 09:00;16901,2;17271,8;11,9;26,7;-14,8;124,78;123,58;121,89;132,50;127,10;38,6;123,58;38,6
7.8.2026;37;09:00 - 09:15;13151,4;7067,7;11,7;29,3;-17,6;153,19;152,90;149,28;162,20;150,06;41,0;152,90;41,0
7.8.2026;38;09:15 - 09:30;18237,7;719,0;27,6;38,0;-10,4;131,88;124,30;60,00;150,57;60,00;65,6;124,30;65,6
7.8.2026;39;09:30 - 09:45;265,7;439,3;12,9;30,3;-17,4;126,17;126,30;119,65;132,48;130,90;43,2;126,30;43,2
7.8.2026;40;09:45 - 10:00;16702,5;267,4;20,4;46,1;-25,7;114,18;113,84;105,51;120,10;110,00;66,5;113,84;66,5
7.8.2026;41;10:00 - 10:15;459,3;515,7;89,3;50,1;39,2;113,61;115,12;106,43;126,52;109,86;139,4;115,12;139,4
7.8.2026;42;10:15 - 10:30;946,6;2218,0;103,3;60,0;43,3;111,09;112,09;103,27;147,99;140,72;163,3;112,09;163,3
7.8.2026;43;10:30 - 10:45;2377,4;4942,2;108,6;58,2;50,4;108,70;101,81;81,01;298,99;81,01;166,8;101,81;166,8
7.8.2026;44;10:45 - 11:00;6131,2;11817,6;89,9;55,4;34,5;100,52;98,96;81,40;117,64;81,40;145,3;98,96;145,3
7.8.2026;45;11:00 - 11:15;17132,1;378,9;50,2;59,7;-9,5;106,42;107,18;94,04;115,57;94,04;109,9;107,18;109,9
7.8.2026;46;11:15 - 11:30;863,6;611,3;56,5;105,4;-48,9;107,40;105,10;82,38;120,77;85,00;161,9;105,10;161,9
7.8.2026;47;11:30 - 11:45;1055,4;2130,6;53,2;102,4;-49,2;110,20;110,09;85,08;137,00;137,00;155,6;110,09;155,6
7.8.2026;48;11:45 - 12:00;3383,7;5298,0;76,0;136,1;-60,1;104,44;105,16;75,00;129,99;127,99;212,1;105,16;212,1
7.8.2026;49;12:00 - 12:15;1612,7;543,8;40,7;45,9;-5,2;115,69;115,31;96,32;130,77;128,40;86,6;115,31;86,6
7.8.2026;50;12:15 - 12:30;13463,5;1887,6;51,0;76,0;-25,0;120,02;123,12;79,97;151,44;140,00;127,0;123,12;127,0
7.8.2026;51;12:30 - 12:45;622,4;746,8;85,4;84,8;0,6;127,32;130,85;84,71;148,99;125,01;170,2;130,85;170,2
7.8.2026;52;12:45 - 13:00;1397,2;673,8;141,9;135,8;6,1;129,66;129,05;96,37;169,00;125,00;277,7;129,05;277,7
7.8.2026;53;13:00 - 13:15;972,5;813,2;161,4;93,5;67,9;126,11;125,81;94,75;144,02;105,00;254,9;125,81;254,9
7.8.2026;54;13:15 - 13:30;986,6;628,0;118,9;91,2;27,7;121,93;123,26;95,37;149,99;122,00;210,1;123,26;210,1
7.8.2026;55;13:30 - 13:45;1246,2;850,7;103,0;89,4;13,6;124,94;125,90;95,55;147,69;127,65;192,4;125,90;192,4
7.8.2026;56;13:45 - 14:00;1601,8;696,6;93,2;72,0;21,2;122,41;122,29;87,09;146,99;109,11;165,2;122,29;165,2
7.8.2026;57;14:00 - 14:15;1238,6;627,1;111,2;71,3;39,9;120,84;122,16;86,93;147,57;128,15;182,5;122,16;182,5
7.8.2026;58;14:15 - 14:30;1303,2;876,1;120,2;100,6;19,6;120,52;121,89;101,21;133,75;117,22;220,8;121,89;220,8
7.8.2026;59;14:30 - 14:45;1057,4;1356,1;164,9;124,9;40,0;122,56;122,60;99,95;142,50;117,30;289,8;122,60;289,8
7.8.2026;60;14:45 - 15:00;1058,4;1058,8;151,8;142,5;9,3;124,43;123,63;105,66;140,70;122,68;294,3;123,63;294,3
7.8.2026;61;15:00 - 15:15;1074,6;1199,6;76,5;114,1;-37,6;117,41;119,52;3,77;133,55;73,20;190,6;119,52;190,6
7.8.2026;62;15:15 - 15:30;814,6;682,6;87,3;117,4;-30,1;116,13;117,91;80,90;131,98;80,90;204,7;117,91;204,7
7.8.2026;63;15:30 - 15:45;2290,1;573,9;174,4;71,8;102,6;128,89;129,08;7,49;147,76;120,02;246,2;129,08;246,2
7.8.2026;64;15:45 - 16:00;3114,0;1779,6;229,5;159,2;70,3;149,66;149,16;122,71;177,79;124,94;388,7;149,16;388,7
7.8.2026;65;16:00 - 16:15;888,7;601,2;230,2;114,5;115,7;111,18;110,89;73,61;149,99;149,99;344,7;110,89;344,7
7.8.2026;66;16:15 - 16:30;2915,6;567,1;189,4;92,1;97,3;118,04;118,92;90,01;137,62;90,01;281,5;118,92;281,5
7.8.2026;67;16:30 - 16:45;9515,3;630,3;49,5;53,7;-4,2;181,86;158,21;117,15;400,00;144,26;103,2;158,21;103,2
7.8.2026;68;16:45 - 17:00;4297,0;640,7;59,6;72,0;-12,4;198,87;182,08;150,05;290,00;220,00;131,6;182,08;131,6
7.8.2026;69;17:00 - 17:15;633,9;550,9;147,0;128,2;18,8;146,89;143,66;93,89;175,00;130,16;275,2;143,66;275,2
7.8.2026;70;17:15 - 17:30;10883,1;16027,3;55,0;95,0;-40,0;176,25;169,22;139,62;200,12;200,12;150,0;169,22;150,0
7.8.2026;71;17:30 - 17:45;599,5;436,0;148,6;129,1;19,5;183,22;178,41;135,00;229,17;135,00;277,7;178,41;277,7
7.8.2026;72;17:45 - 18:00;1078,7;761,6;126,2;105,5;20,7;187,47;179,88;126,23;222,42;187,38;231,7;179,88;231,7
7.8.2026;73;18:00 - 18:15;2269,8;855,8;213,4;128,5;84,9;169,51;165,65;120,39;250,00;250,00;341,9;165,65;341,9
7.8.2026;74;18:15 - 18:30;39421,4;621,4;220,4;105,4;115,0;157,58;156,65;134,49;259,99;204,99;325,8;156,65;325,8
7.8.2026;75;18:30 - 18:45;6254,7;525,0;230,7;103,5;127,2;195,04;189,20;144,68;224,18;205,46;334,2;189,20;334,2
7.8.2026;76;18:45 - 19:00;2722,7;389,0;229,2;104,3;124,9;205,64;198,74;160,00;226,54;222,99;333,5;198,74;333,5
7.8.2026;77;19:00 - 19:15;359,2;1873,0;29,3;62,7;-33,4;197,22;199,17;150,00;232,51;210,97;92,0;199,17;92,0
7.8.2026;78;19:15 - 19:30;412,9;12683,1;27,1;51,9;-24,8;199,29;199,20;164,50;218,61;208,50;79,0;199,20;79,0
7.8.2026;79;19:30 - 19:45;332,4;503,6;61,5;103,8;-42,3;201,43;202,67;179,08;222,34;211,00;165,3;202,67;165,3
7.8.2026;80;19:45 - 20:00;504,7;7700,8;75,3;118,7;-43,4;214,43;214,68;194,57;232,15;232,15;194,0;214,68;194,0
7.8.2026;81;20:00 - 20:15;450,6;3867,5;67,6;86,1;-18,5;221,59;219,72;201,00;253,27;203,00;153,7;219,72;153,7
7.8.2026;82;20:15 - 20:30;525,1;11972,4;60,8;84,5;-23,7;213,00;212,45;201,53;238,87;213,91;145,3;212,45;145,3
7.8.2026;83;20:30 - 20:45;738,3;5750,3;65,0;75,6;-10,6;213,15;214,49;190,53;228,53;198,04;140,6;214,49;140,6
7.8.2026;84;20:45 - 21:00;1052,9;1917,5;119,9;124,3;-4,4;212,66;209,49;183,43;247,99;185,66;244,2;209,49;244,2
7.8.2026;85;21:00 - 21:15;1159,9;14402,3;73,0;75,4;-2,4;218,20;213,93;197,93;247,67;215,45;148,4;213,93;148,4
7.8.2026;86;21:15 - 21:30;503,4;2207,4;68,3;104,7;-36,4;209,07;209,75;188,67;247,59;218,23;173,0;209,75;173,0
7.8.2026;87;21:30 - 21:45;294,4;1436,5;21,8;87,4;-65,6;199,85;196,82;185,22;219,05;190,48;109,2;196,82;109,2
7.8.2026;88;21:45 - 22:00;221,3;2383,0;33,2;117,0;-83,8;191,81;189,75;175,61;215,66;178,16;150,2;189,75;150,2
7.8.2026;89;22:00 - 22:15;659,7;1352,1;77,0;253,3;-176,3;194,52;192,45;182,09;250,00;185,01;330,3;192,45;330,3
7.8.2026;90;22:15 - 22:30;295,8;1248,9;53,0;110,6;-57,6;176,28;180,21;10,00;215,64;10,00;163,6;180,21;163,6
7.8.2026;91;22:30 - 22:45;623,3;1831,5;45,0;138,8;-93,8;181,87;179,58;154,90;208,43;170,20;183,8;179,58;183,8
7.8.2026;92;22:45 - 23:00;912,7;7705,7;101,2;121,8;-20,6;156,85;149,58;119,90;196,14;142,63;223,0;149,58;223,0
7.8.2026;93;23:00 - 23:15;464,7;711,3;20,0;116,5;-96,5;181,82;181,39;169,14;204,51;171,69;136,5;181,39;136,5
7.8.2026;94;23:15 - 23:30;858,9;355,4;18,5;76,3;-57,8;171,18;170,28;162,61;190,37;165,90;94,8;170,28;94,8
7.8.2026;95;23:30 - 23:45;107,1;10156,6;36,0;54,1;-18,1;160,44;170,94;112,50;185,23;163,00;90,1;170,94;90,1
7.8.2026;96;23:45 - 00:00;193,3;1018,1;52,6;132,9;-80,3;158,59;157,86;115,00;164,89;155,53;185,5;157,86;185,5
